Camilla,2025,100,Paleo
Camilla,2025,99,Get on Board: New York
Camilla,2025,98,Gizmos
Camilla,2025,97,Deus
Camilla,2025,96,Butterfly
Camilla,2025,95,MicroMacro: Crime City
Camilla,2025,94,Escape: Zombie City
Camilla,2025,93,Thunder Road: Vendetta
Camilla,2025,92,Last Bastion
Camilla,2025,91,Aquatica
Camilla,2025,90,Planted
Camilla,2025,89,The Quacks of Quedlinburg
Camilla,2025,88,Endless Winter
Camilla,2025,87,Planet Unknown
Camilla,2025,86,Forest Shuffle
Camilla,2025,85,Namiji
Camilla,2025,84,Heat: Pedal to the Metal
Camilla,2025,83,The Lost Expedition
Camilla,2025,82,Deadly Dowagers
Camilla,2025,81,Caper: Europe
Camilla,2025,80,Pergola
Camilla,2025,79,Floriferous
Camilla,2025,78,Draft & Write Records
Camilla,2025,77,Trailblazer: The John Muir Trail
Camilla,2025,76,Distilled
Camilla,2025,75,Welcome To…
Camilla,2025,74,Roam
Camilla,2025,73,Sleeping Gods
Camilla,2025,72,Stop Thief!
Camilla,2025,71,Bot Factory
Camilla,2025,70,Solenia
Camilla,2025,69,7 Wonders: Architects
Camilla,2025,68,Transmission
Camilla,2025,67,Sub Terra
Camilla,2025,66,Islebound
Camilla,2025,65,Unconscious Mind
Camilla,2025,64,Atlantis Rising (Second Edition)
Camilla,2025,63,Dead Ment Tell No Tales
Camilla,2025,62,Spook manor
Camilla,2025,61,Radlands
Camilla,2025,60,Menatra
Camilla,2025,59,The Grand Carnival
Camilla,2025,58,Merchant's Cove
Camilla,2025,57,Nagaraja
Camilla,2025,56,51st State: Master Set
Camilla,2025,55,Unsettled
Camilla,2025,54,Marvel Champions
Camilla,2025,53,Fort
Camilla,2025,52,Sky Team
Camilla,2025,51,Mansions of Madness (Second Edition)
Camilla,2025,50,Bad Company
Camilla,2025,49,Parks (Second Edition)
Camilla,2025,48,Empires of the North
Camilla,2025,47,Burncycle
Camilla,2025,46,Canvas
Camilla,2025,45,Cascadia
Camilla,2025,44,Robinson Crusoe
Camilla,2025,43,Pandemic Legacy
Camilla,2025,42,Adrenaline
Camilla,2025,41,Flipships
Camilla,2025,40,Last Aurora
Camilla,2025,39,Massive Darkness 2
Camilla,2025,38,Endeavor: Deep Sea
Camilla,2025,37,Above and Below: Haunted
Camilla,2025,36,Life of the Amazonio
Camilla,2025,35,Raising Robots
Camilla,2025,34,Elawa
Camilla,2025,33,Explorers of Navoria
Camilla,2025,32,Frostpunk: The Board Game
Camilla,2025,31,Creature Caravan
Camilla,2025,30,Divinity: Original Sin
Camilla,2025,29,Daybreak
Camilla,2025,28,Forgotten Waters
Camilla,2025,27,Tidal Blades: Heroes of the Reef
Camilla,2025,26,The Reckoners
Camilla,2025,25,New York Zoo
Camilla,2025,24,Skate Summer
Camilla,2025,23,Earth
Camilla,2025,22,Sea of Legends
Camilla,2025,21,Lands of Galzyr
Camilla,2025,20,Dragonkeepers
Camilla,2025,19,Tidal Blades 2
Camilla,2025,18,Genotype
Camilla,2025,17,Lost Ruins of Arnak
Camilla,2025,16,Destinies
Camilla,2025,15,The Others
Camilla,2025,14,Oathsworn
Camilla,2025,13,First in Flight
Camilla,2025,12,Final Girl
Camilla,2025,11,Chronicles of Crime 2400
Camilla,2025,10,Kinfire Delve
Camilla,2025,9,Cthulhu: Death May Die
Camilla,2025,8,Project: Elite
Camilla,2025,7,Claustrophobia 1643
Camilla,2025,6,Arkham Horror: The Card Game
Camilla,2025,5,Too Many Bones
Camilla,2025,4,Obsession
Camilla,2025,3,Ecos: First Continent
Camilla,2025,2,Spirit Island
Camilla,2025,1,Meadow
Joey,2025,100,Gest of Robin Hood
Joey,2025,99,Spark Riders 3000
Joey,2025,98,The Bloddy Inn
Joey,2025,97,Battle of Hoth
Joey,2025,96,Fury of Dracula (Third Edition)
Joey,2025,95,Bomb Busters
Joey,2025,94,Abomination: Heir of Frankenstein
Joey,2025,93,Fliptown
Joey,2025,92,Escape the Dark Castle
Joey,2025,91,Firefly
Joey,2025,90,Night of the Ninja
Joey,2025,89,Dreadful Meadows
Joey,2025,88,Tales of the Arabian Nights
Joey,2025,87,Deception: Murder in Hong Kong
Joey,2025,86,Imhotep
Joey,2025,85,Camel Up (Second Edition)
Joey,2025,84,The Search for Planed Nine
Joey,2025,83,Escape from the Aliens in Outer Space
Joey,2025,82,The Crew
Joey,2025,81,Dune Imperium - Uprising
Joey,2025,80,Battle of Gods
Joey,2025,79,Heroes of Land, Air & Sea
Joey,2025,78,The Thing: The Board Game
Joey,2025,77,Camp Grizzly
Joey,2025,76,Blood Rage
Joey,2025,75,Ostia
Joey,2025,74,Hadrian's Wall
Joey,2025,73,7 Wonders: Architects
Joey,2025,72,Sky Team
Joey,2025,71,Lords of Waterdeep
Joey,2025,70,Night of the Living Dead: Zombicide
Joey,2025,69,Tag Team
Joey,2025,68,Space Park
Joey,2025,67,Heroscape
Joey,2025,66,Green Team Wins
Joey,2025,65,Valley of the Kings
Joey,2025,64,Moonrollers
Joey,2025,63,Telestrations
Joey,2025,62,7th Citadel
Joey,2025,61,The Quacks of Quedlinburg
Joey,2025,60,Castles of Burgundy
Joey,2025,59,Sub Terra
Joey,2025,58,Final Girl
Joey,2025,57,Horrified
Joey,2025,56,Kinfire Chronicles
Joey,2025,55,So Clover
Joey,2025,54,Ghost Stories
Joey,2025,53,Ready Set Bet
Joey,2025,52,Cosmic Encounter
Joey,2025,51,Carnival Zombie
Joey,2025,50,Invincible
Joey,2025,49,Spectral
Joey,2025,48,Empire's End
Joey,2025,47,Crusaders: Thy…
Joey,2025,46,Arydia
Joey,2025,45,Twilight Inscription
Joey,2025,44,The Fellowship of the Ring: Trick-taking game
Joey,2025,43,The Game is Killer
Joey,2025,42,Mind MGMT
Joey,2025,41,Ethnos
Joey,2025,40,Stonespire Architects
Joey,2025,39,Orapa Mine
Joey,2025,38,Hot Streak
Joey,2025,37,Marvel Champions
Joey,2025,36,Spooktacular
Joey,2025,35,Kemet
Joey,2025,34,Forest Shuffle
Joey,2025,33,Dominion
Joey,2025,32,Run
Joey,2025,31,Comic Hunters
Joey,2025,30,Blitzkrieg!
Joey,2025,29,Project: ELITE
Joey,2025,28,Legendary Encounters: Aliens
Joey,2025,27,Terrorscape
Joey,2025,26,Mansions of Madness (Second Edition)
Joey,2025,25,SETI
Joey,2025,24,Xia: Legends of a Drift System
Joey,2025,23,Aquatica
Joey,2025,22,White Castle
Joey,2025,21,Heat: Pedal to the Metal
Joey,2025,20,Lost Ruins of Arnak
Joey,2025,19,Gizmos
Joey,2025,18,Freedom Five
Joey,2025,17,Ra
Joey,2025,16,The Lord of the Rings: Duel
Joey,2025,15,Foundations of Rome
Joey,2025,14,Oathsworn
Joey,2025,13,Wandering Towers
Joey,2025,12,Radlands
Joey,2025,11,Marvel United
Joey,2025,10,Cthulhu: Death May Die
Joey,2025,9,Shadows of Brimstone
Joey,2025,8,Tend
Joey,2025,7,Andromeda's Edge
Joey,2025,6,Thunder Road Vendetta
Joey,2025,5,Clank! Catacombs
Joey,2025,4,Space Base
Joey,2025,3,Western Legends
Joey,2025,2,Unmatched
Joey,2025,1,Dead Reckoning
Wendy,2025,100,Turing Machine
Wendy,2025,99,River of Gold
Wendy,2025,98,Forest Shuffle
Wendy,2025,97,Distilled
Wendy,2025,96,istanbul: The Dice Game
Wendy,2025,95,Tapestry
Wendy,2025,94,Sail
Wendy,2025,93,Wandering Towers
Wendy,2025,92,Between Tow Castles of Mad King Ludwig
Wendy,2025,91,Duck & Cover
Wendy,2025,90,Stephens
Wendy,2025,89,Sonora
Wendy,2025,88,Terraforming Mars: Ares Expedition
Wendy,2025,87,Just One
Wendy,2025,86,Blackout: Hong Kong
Wendy,2025,85,Fun Farm
Wendy,2025,84,Ancient Knowledge
Wendy,2025,83,Anno 1800
Wendy,2025,82,Ganz Schoen Clever
Wendy,2025,81,Love Letter: Batman
Wendy,2025,80,Pan Am
Wendy,2025,79,Pret-A-Porter
Wendy,2025,78,The Fox Experiment
Wendy,2025,77,Las Vegas Royale
Wendy,2025,76,New York 1901
Wendy,2025,75,Destinies
Wendy,2025,74,Werewords
Wendy,2025,73,The Fellowship of the Ring: Trick-Taking Game
Wendy,2025,72,Five Tribes
Wendy,2025,71,Saint Petersburg
Wendy,2025,70,Earth
Wendy,2025,69,Evacuation
Wendy,2025,68,Go Nuts for Donuts
Wendy,2025,67,Nucleum
Wendy,2025,66,Ethnos
Wendy,2025,65,Ready Set Bet
Wendy,2025,64,PUSH
Wendy,2025,63,Middle Ages
Wendy,2025,62,Beyond Balderdash
Wendy,2025,61,Cursaders: Thye Will be Done
Wendy,2025,60,Strike
Wendy,2025,59,Welcome to the Moon
Wendy,2025,58,Galileo Galilei
Wendy,2025,57,Gingerbread House
Wendy,2025,56,Dominion
Wendy,2025,55,Sagrada
Wendy,2025,54,Orapa Mine
Wendy,2025,53,Incan Gold
Wendy,2025,52,Ito
Wendy,2025,51,Altiplano
Wendy,2025,50,Oh My Goods!
Wendy,2025,49,San Juan
Wendy,2025,48,Mandala
Wendy,2025,47,Viticulture
Wendy,2025,46,Spellbook
Wendy,2025,45,7 Wonders
Wendy,2025,44,Rolled West
Wendy,2025,43,Vegetable Stock
Wendy,2025,42,Barcelona
Wendy,2025,41,Istanbul
Wendy,2025,40,Pinata/Marshmallow Test
Wendy,2025,39,Grand Austria Hotel
Wendy,2025,38,Telestrations
Wendy,2025,37,Hot Streak
Wendy,2025,36,Dead Man's Draw
Wendy,2025,35,MicroMacro: Crime City
Wendy,2025,34,Ticket to Ride
Wendy,2025,33,Revive
Wendy,2025,32,Foundations of Rome
Wendy,2025,31,Stickers
Wendy,2025,30,Concordia
Wendy,2025,29,Jaipur
Wendy,2025,28,Tybor the Builder
Wendy,2025,27,Skymines/Mombasa
Wendy,2025,26,Co2
Wendy,2025,25,Bomb Busters
Wendy,2025,24,Teotihuacan
Wendy,2025,23,Furnace
Wendy,2025,22,The Crew
Wendy,2025,21,Stay Cool
Wendy,2025,20,Trio
Wendy,2025,19,Draftosaurus
Wendy,2025,18,Skara Brae
Wendy,2025,17,Airlines Europe
Wendy,2025,16,Hansa Teutonica
Wendy,2025,15,Barenpark
Wendy,2025,14,Hadrian's Wall
Wendy,2025,13,Tzolk'in
Wendy,2025,12,Galactic Cruise
Wendy,2025,11,Kingdomino
Wendy,2025,10,Aquatica
Wendy,2025,9,So Clover
Wendy,2025,8,Pirates of Maracaibo
Wendy,2025,7,Boonlake
Wendy,2025,6,Reef
Wendy,2025,5,Paladins of the West Kingdom
Wendy,2025,4,Sushi Go Party
Wendy,2025,3,A Feast for Odin
Wendy,2025,2,Gizmos
Wendy,2025,1,Brass Birmingham
Person,Year,Rank,Game
Tom,2026,100,Finspan
Tom,2026,99,Star Wars: The Queen's Gambit
Tom,2026,98,Terraforming Mars: Ares Expedition
Tom,2026,97,Oathsworn: Into the Deepwood
Tom,2026,96,Orléans
Tom,2026,95,A Message From the Stars
Tom,2026,94,Dixit
Tom,2026,93,Freelancers: A Crossroads Game
Tom,2026,92,Castles of Mad King Ludwig
Tom,2026,91,Tales from the Red Dragon Inn
Tom,2026,90,Revive
Tom,2026,89,Arborea
Tom,2026,88,Airlines Europe
Tom,2026,87,Origin Story
Tom,2026,86,YINSH
Tom,2026,85,Cretaceous Rails
Tom,2026,84,Sleeping Gods
Tom,2026,83,Dice Town
Tom,2026,82,Onitama
Tom,2026,81,Wonderland's War
Tom,2026,80,Orapa Mine
Tom,2026,79,Thunderstone Quest
Tom,2026,78,The Old King's Crown
Tom,2026,77,Rajas of the Ganges
Tom,2026,76,Blitzkrieg!: World War Two in 20 Minutes
Tom,2026,75,Adventure Tactics: Domianne's Tower
Tom,2026,74,Balderdash
Tom,2026,73,Kinfire Delve: Vainglory's Grotto
Tom,2026,72,Ascension Tactics: Miniatures Deckbuilding Game
Tom,2026,71,Domaine
Tom,2026,70,Targi
Tom,2026,69,The Quacks of Quedlinburg
Tom,2026,68,Sprawlopolis
Tom,2026,67,Rove
Tom,2026,66,Rebel Princess
Tom,2026,65,Near and Far
Tom,2026,64,Endeavor: Deep Sea
Tom,2026,63,Aquatica
Tom,2026,62,Civolution
Tom,2026,61,Primal: The Awakening
Tom,2026,60,Freedom Five: A Sentinel Comics Board Game
Tom,2026,59,Vabanque
Tom,2026,58,Fliptown
Tom,2026,57,Gloomhaven
Tom,2026,56,Time's Up!
Tom,2026,55,Magical Athlete
Tom,2026,54,Invincible: The Hero-Building Game
Tom,2026,53,Sheriff of Nottingham
Tom,2026,52,Vindication
Tom,2026,51,Ra
Tom,2026,50,Riftforce
Tom,2026,49,Earth
Tom,2026,48,Light Speed: Arena
Tom,2026,47,Project: ELITE
Tom,2026,46,Kemet: Blood and Sand
Tom,2026,45,Ready Set Bet
Tom,2026,44,Through the Desert
Tom,2026,43,Amun-Re: 20th Anniversary Edition
Tom,2026,42,Champions of Midgard
Tom,2026,41,The Crew: Mission Deep Sea
Tom,2026,40,Whistle Mountain
Tom,2026,39,Federation
Tom,2026,38,Clank!: Catacombs
Tom,2026,37,Terrorscape
Tom,2026,36,Colosseum
Tom,2026,35,Path of Civilization
Tom,2026,34,Adventure Land
Tom,2026,33,PitchCar
Tom,2026,32,Dune: Imperium
Tom,2026,31,Viticulture Essential Edition
Tom,2026,30,Puerto Rico
Tom,2026,29,Detective Club
Tom,2026,28,Nidavellir
Tom,2026,27,Dice Throne: Season Two - Battle Chest
Tom,2026,26,Ticket to Ride
Tom,2026,25,Just One
Tom,2026,24,A Feast for Odin
Tom,2026,23,Andromeda's Edge
Tom,2026,22,The Vale of Eternity
Tom,2026,21,Caverna: The Cave Farmers
Tom,2026,20,Cyclades
Tom,2026,19,Dominion
Tom,2026,18,Arydia: The Paths We Dare
Tom,2026,17,ito
Tom,2026,16,Bomb Busters
Tom,2026,15,Hadara
Tom,2026,14,SETI: Search for Extraterrestrial Intelligence
Tom,2026,13,Marvel United
Tom,2026,12,Hot Streak
Tom,2026,11,Saint Petersburg (Second Edition)
Tom,2026,10,Foundations of Rome
Tom,2026,9,Race for the Galaxy
Tom,2026,8,Massive Darkness 2: Hellscape
Tom,2026,7,Le Havre
Tom,2026,6,Heroscape Master Set: Rise of the Valkyrie
Tom,2026,5,Space Base
Tom,2026,4,Ark Nova
Tom,2026,3,Summoner Wars (Second Edition)
Tom,2026,2,Star Wars: Unlimited - Spark of Rebellion
Tom,2026,1,Cosmic Encounter
Zee,2026,100,Whale Riders
Zee,2026,99,Splendor Duel
Zee,2026,98,Under Falling Skies
Zee,2026,97,Menara
Zee,2026,96,Quadropolis
Zee,2026,95,Hadara
Zee,2026,94,Ascension: 10 Year Anniversary Edition
Zee,2026,93,Station to Station
Zee,2026,92,Yamataï
Zee,2026,91,Bluff
Zee,2026,90,Scythe
Zee,2026,89,Thunder Road: Vendetta
Zee,2026,88,Fury of Dracula (Third/Fourth Edition)
Zee,2026,87,Aquatica
Zee,2026,86,Alhambra
Zee,2026,85,Heat: Pedal to the Metal
Zee,2026,84,Ruination
Zee,2026,83,The Grand Carnival
Zee,2026,82,San Juan (Second Edition)
Zee,2026,81,Get on Board: New York &
Zee,2026,80,Magic: The Gathering
Zee,2026,79,Last Aurora
Zee,2026,78,Dune: Imperium
Zee,2026,77,Joyride: Survival of the Fastest
Zee,2026,76,Masters of the Universe: The Board Game - Clash for Eternia
Zee,2026,75,Fliptown
Zee,2026,74,Marvel D.A.G.G.E.R.
Zee,2026,73,Dice Town
Zee,2026,72,Clank!: Catacombs
Zee,2026,71,Cyberion
Zee,2026,70,Daybreak
Zee,2026,69,Star Wars: Unlimited - Spark of Rebellion
Zee,2026,68,The Few and Cursed
Zee,2026,67,Radlands
Zee,2026,66,Horrified
Zee,2026,65,Detective: City of Angels
Zee,2026,64,Vagrantsong
Zee,2026,63,Storyfold: Wildwoods
Zee,2026,62,Citadels
Zee,2026,61,The Bloody Inn
Zee,2026,60,Duel for Cardia
Zee,2026,59,Kinfire Chronicles: Night's Fall
Zee,2026,58,The Quest for El Dorado
Zee,2026,57,The Reckoners
Zee,2026,56,Lands of Galzyr
Zee,2026,55,Wondrous Creatures
Zee,2026,54,Carpe Diem
Zee,2026,53,For Northwood! A Solo Trick-Taking Game
Zee,2026,52,Bad Company
Zee,2026,51,Aeon's End: The New Age
Zee,2026,50,Massive Darkness 2: Hellscape
Zee,2026,49,River of Gold
Zee,2026,48,Bruges
Zee,2026,47,Expeditions
Zee,2026,46,Jamaica
Zee,2026,45,Ra
Zee,2026,44,The Vale of Eternity
Zee,2026,43,Istanbul
Zee,2026,42,Summoner Wars (Second Edition)
Zee,2026,41,Tidal Blades 2: Rise of the Unfolders
Zee,2026,40,TZAAR
Zee,2026,39,Floriferous
Zee,2026,38,The Manhattan Project: Energy Empire
Zee,2026,37,Trekking Through History
Zee,2026,36,Imperial Settlers: Empires of the North
Zee,2026,35,Endeavor: Deep Sea
Zee,2026,34,King of Tokyo
Zee,2026,33,Neuroshima Hex! 3.0
Zee,2026,32,Res Arcana
Zee,2026,31,YINSH
Zee,2026,30,7 Wonders
Zee,2026,29,Deus
Zee,2026,28,Blue Moon Legends
Zee,2026,27,Etherstone
Zee,2026,26,Sleeping Gods
Zee,2026,25,Onirim (Second Edition)
Zee,2026,24,Everdell Farshore
Zee,2026,23,Ancient Knowledge
Zee,2026,22,Creature Caravan
Zee,2026,21,Parks (Second Edition)
Zee,2026,20,Lost Ruins of Arnak
Zee,2026,19,Five Tribes
Zee,2026,18,The Lord of the Rings: Duel for Middle-earth
Zee,2026,17,Claustrophobia 1643
Zee,2026,16,Sub Terra
Zee,2026,15,Pandemic: Iberia
Zee,2026,14,Caper: Europe
Zee,2026,13,Kinfire Delve: Vainglory's Grotto
Zee,2026,12,Marvel Zombies: A Zombicide Game
Zee,2026,11,Castle Combo
Zee,2026,10,Arkham Horror: The Card Game
Zee,2026,9,Atlantis Rising (Second Edition)
Zee,2026,8,Last Bastion
Zee,2026,7,The Others
Zee,2026,6,Unmatched Game System
Zee,2026,5,Marvel United
Zee,2026,4,51st State: Master Set
Zee,2026,3,Abyss
Zee,2026,2,Cthulhu: Death May Die
Zee,2026,1,Marvel Champions: The Card
People,2026,100,Vantage
People,2026,99,Blood on the Clocktower
People,2026,98,The Vale of Eternity
People,2026,97,War of the Ring: Second Edition
People,2026,96,Through the Ages: A New Story of Civilization
People,2026,95,Gaia Project
People,2026,94,Castles of Mad King Ludwig
People,2026,93,Codenames
People,2026,92,Life of the Amazonia
People,2026,91,Architects of the West Kingdom
People,2026,90,Deception: Murder in Hong Kong
People,2026,89,Race for the Galaxy
People,2026,88,Azul
People,2026,87,The Lord of the Rings: The Card Game
People,2026,86,7 Wonders
People,2026,85,Hansa Teutonica
People,2026,84,Caverna: The Cave Farmers
People,2026,83,Power Grid
People,2026,82,Sleeping Gods
People,2026,81,Agricola
People,2026,80,Tapestry
People,2026,79,Eclipse: Second Dawn for the Galaxy
People,2026,78,The Lord of the Rings: The Fellowship of the Ring – Trick-Taking Game
People,2026,77,Frosthaven
People,2026,76,Arcs
People,2026,75,Beyond the Sun
People,2026,74,Mansions of Madness: Second Edition
People,2026,73,Nemesis
People,2026,72,Revive
People,2026,71,Andromeda's Edge
People,2026,70,Aeon's End
People,2026,69,Cosmic Encounter
People,2026,68,Rising Sun
People,2026,67,Hegemony: Lead Your Class to Victory
People,2026,66,Deliverance
People,2026,65,Thunder Road: Vendetta
People,2026,64,The Lord of the Rings: Fate of the Fellowship
People,2026,63,Twilight Imperium: Fourth Edition
People,2026,62,Distilled
People,2026,61,Endeavor: Deep Sea
People,2026,60,Harmonies
People,2026,59,Planet Unknown
People,2026,58,Anachrony
People,2026,57,Great Western Trail
People,2026,56,Dominion
People,2026,55,Just One
People,2026,54,Bomb Busters
People,2026,53,Raiders of the North Sea
People,2026,52,Lords of Waterdeep
People,2026,51,Meadow
People,2026,50,The White Castle
People,2026,49,Star Wars: Rebellion
People,2026,48,Arkham Horror: The Card Game
People,2026,47,Grand Austria Hotel
People,2026,46,Underwater Cities
People,2026,45,Pandemic Legacy: Season 1
People,2026,44,Forest Shuffle
People,2026,43,Final Girl
People,2026,42,Slay the Spire: The Board Game
People,2026,41,The Lord of the Rings: Duel for Middle-earth
People,2026,40,The Quest for El Dorado
People,2026,39,Marvel Champions: The Card
People,2026,38,Blood Rage
People,2026,37,7 Wonders Duel
People,2026,36,Carcassonne
People,2026,35,Paladins of the West Kingdom
People,2026,34,Orléans
People,2026,33,Five Tribes
People,2026,32,The Crew: Mission Deep Sea
People,2026,31,Clank!: Catacombs
People,2026,30,Ra
People,2026,29,Pandemic Legacy: Season 1
People,2026,28,Sky Team
People,2026,27,Galactic Cruise
People,2026,26,Obsession
People,2026,25,Marvel United
People,2026,24,Ticket to Ride
People,2026,23,Dune: Imperium - Uprising
People,2026,22,Root
People,2026,21,Cthulhu: Death May Die
People,2026,20,Gloomhaven
People,2026,19,A Feast for Odin
People,2026,18,The Quacks of Quedlinburg
People,2026,17,Space Base
People,2026,16,Concordia
People,2026,15,Cascadia
People,2026,14,Earth
People,2026,13,Brass: Birmingham
People,2026,12,Seti
People,2026,11,The Castles of Burgundy
People,2026,10,Spirit Island
People,2026,9,Heat: Pedal to the Metal
People,2026,8,Everdell
People,2026,7,Dune: Imperium
People,2026,6,Viticulture Essential Edition
People,2026,5,Scythe
People,2026,4,Wingspan
People,2026,3,Lost Ruins of Arnak
People,2026,2,Terraforming Mars
People,2026,1,Ark Nova
Mike,2026,100,Batman: The Dark Knight Returns - The Game
Mike,2026,99,The Vale of Eternity
Mike,2026,98,Redwood
Mike,2026,97,Lands of Galzyr
Mike,2026,96,Snow Planner
Mike,2026,95,The Isle of Cats
Mike,2026,94,Storm Raiders
Mike,2026,93,AuZtralia
Mike,2026,92,Bardwood Grove
Mike,2026,91,Dice Throne: Season One
Mike,2026,90,Can't Stop
Mike,2026,89,Tikal
Mike,2026,88,Biohack
Mike,2026,87,20 Strong
Mike,2026,86,Coffee Roaster
Mike,2026,85,Pueblo
Mike,2026,84,Cleopatra and the Society of Architects
Mike,2026,83,ito
Mike,2026,82,Tokyo Highway
Mike,2026,81,Stroganov
Mike,2026,80,Sea Salt & Paper
Mike,2026,79,Elephant Rally
Mike,2026,78,Tribes of the Wind
Mike,2026,77,Unsettled
Mike,2026,76,Five Tribes
Mike,2026,75,Unreliable Wizard
Mike,2026,74,Explorers of Navoria
Mike,2026,73,Kelp
Mike,2026,72,Love Letter
Mike,2026,71,Heat: Pedal to the Metal
Mike,2026,70,Thunderbirds
Mike,2026,69,Cinque Terre
Mike,2026,68,Sweet Lands
Mike,2026,67,Tokaido Collector's Edition
Mike,2026,66,Origin Story
Mike,2026,65,For Northwood! A Solo Trick-Taking Game
Mike,2026,64,Nokosu Dice
Mike,2026,63,Emberleaf
Mike,2026,62,Nanty Narking
Mike,2026,61,Mille Fiori
Mike,2026,60,Wildlands
Mike,2026,59,Orongo
Mike,2026,58,Eternal Decks
Mike,2026,57,The Bloody Inn
Mike,2026,56,MLEM: Space Agency
Mike,2026,55,Aquatica
Mike,2026,54,Viking See-Saw
Mike,2026,53,Life of the Amazonia
Mike,2026,52,Vantage
Mike,2026,51,Let's Make a Bus Route
Mike,2026,50,The Quest for El Dorado
Mike,2026,49,Mythic Mischief
Mike,2026,48,Wildlands
Mike,2026,47,Comic Hunters
Mike,2026,46,Sleeping Gods
Mike,2026,45,Modern Art
Mike,2026,44,Deception: Murder in Hong Kong
Mike,2026,43,Outlive
Mike,2026,42,Petrichor
Mike,2026,41,Unconscious Mind
Mike,2026,40,Wildlife Safari
Mike,2026,39,Thunder Road: Vendetta
Mike,2026,38,Scythe
Mike,2026,37,Monumental
Mike,2026,36,Amalfi: Renaissance
Mike,2026,35,Tiwanaku
Mike,2026,34,Tapestry
Mike,2026,33,Viticulture Essential Edition
Mike,2026,32,Twinkle Starship
Mike,2026,31,Come Sail Away!
Mike,2026,30,Harrow County: The Game of Gothic Conflict
Mike,2026,29,Speakeasy
Mike,2026,28,Atlas Lost: Rise of the New Sovereigns
Mike,2026,27,Terrorscape
Mike,2026,26,Architects of the West Kingdom
Mike,2026,25,Spectral
Mike,2026,24,Abyss
Mike,2026,23,Cthulhu: Dark Providence
Mike,2026,22,Raiders of the North Sea
Mike,2026,21,Blue Moon City
Mike,2026,20,Marvel United
Mike,2026,19,Smartphone Inc.
Mike,2026,18,Mind MGMT: The Psychic Espionage Game.
Mike,2026,17,Arcs
Mike,2026,16,Endless Winter: Paleoamericans
Mike,2026,15,Aqua Garden
Mike,2026,14,Final Girl
Mike,2026,13,Veiled Fate
Mike,2026,12,Expeditions
Mike,2026,11,Zoo Vadis
Mike,2026,10,Coloma
Mike,2026,9,Paladins of the West Kingdom
Mike,2026,8,Cthulhu: Death May Die
Mike,2026,7,Merchants Cove
Mike,2026,6,I C E
Mike,2026,5,Wondrous Creatures
Mike,2026,4,Ostia
Mike,2026,3,Andromeda's Edge
Mike,2026,2,Cyclades: Legendary Edition
Mike,2026,1,Ra
Chris,2025,100,Meadow
Chris,2025,99,Jaipur
Chris,2025,98,Iwari
Chris,2025,97,Aladdin's Dragons
Chris,2025,96,Isle of Sky
Chris,2025,95,Tybor the Builder
Chris,2025,94,Ito
Chris,2025,93,Istanbul
Chris,2025,92,Star Wars Unlimited
Chris,2025,91,Through the Desert
Chris,2025,90,Sky Team
Chris,2025,89,Ground Floor
Chris,2025,88,So Clover
Chris,2025,87,Next Station: London
Chris,2025,86,Excape
Chris,2025,85,Adventure Tactics
Chris,2025,84,Arkham Horror: The Card Game
Chris,2025,83,Revive
Chris,2025,82,Skara Brae
Chris,2025,81,Dead Man's Draw
Chris,2025,80,Ichor
Chris,2025,79,Summer Camp
Chris,2025,78,The Lord of the Rings: Duel
Chris,2025,77,Darwin's Journey
Chris,2025,76,Risk: Star Wars Edition
Chris,2025,75,Aquatica
Chris,2025,74,Mandala
Chris,2025,73,Arcs
Chris,2025,72,Vagrantsong
Chris,2025,71,Rajas of the Ganges
Chris,2025,70,The Fellowship of the Ring: Trick-Taking Game
Chris,2025,69,Deep Rock Galactic
Chris,2025,68,Root
Chris,2025,67,Manhatten
Chris,2025,66,Glory to Rome
Chris,2025,65,Ego
Chris,2025,64,The Voyages of Marco Polo
Chris,2025,63,PUSH
Chris,2025,62,Hadrian's Wall
Chris,2025,61,Hansa Teutonica
Chris,2025,60,Dutch Resistence
Chris,2025,59,Five Tribes
Chris,2025,58,Terraforming Mars
Chris,2025,57,Luthier
Chris,2025,56,World's Fair 1893
Chris,2025,55,Primal: The Awakening
Chris,2025,54,Sushi Go Party
Chris,2025,53,Heat
Chris,2025,52,Kemet: Blood and Sand
Chris,2025,51,Marshmallow Test
Chris,2025,50,Escape Plan
Chris,2025,49,Coal Baron
Chris,2025,48,Nexus Ops
Chris,2025,47,Barenpark
Chris,2025,46,Zapotec
Chris,2025,45,Resist!
Chris,2025,44,Last Light
Chris,2025,43,Comic Hunters
Chris,2025,42,Agricola: All Creatures
Chris,2025,41,Draftosaurus
Chris,2025,40,Grand Austria Hotel
Chris,2025,39,Viticulture
Chris,2025,38,Tzolk'in
Chris,2025,37,Legacy of Yu
Chris,2025,36,Lone Wolves
Chris,2025,35,Gizmos
Chris,2025,34,Rainbow
Chris,2025,33,For Sale
Chris,2025,32,A Message from the Stars
Chris,2025,31,Raiders of the North Sea
Chris,2025,30,Skymines
Chris,2025,29,Pandemic Legacy
Chris,2025,28,Destinies
Chris,2025,27,Furnace
Chris,2025,26,Teotihuacan
Chris,2025,25,Barcelona
Chris,2025,24,Kingdomino
Chris,2025,23,Vegetable Stock
Chris,2025,22,Ticket to Ride
Chris,2025,21,Crusaders: Thy will be Done
Chris,2025,20,Toy Battle
Chris,2025,19,The Crew
Chris,2025,18,Golem
Chris,2025,17,Blitzkrieg!
Chris,2025,16,Las Vegas Royale
Chris,2025,15,Unmatched Adventures
Chris,2025,14,Distilled
Chris,2025,13,Iliad
Chris,2025,12,Dune Imperium
Chris,2025,11,Airlines Europe
Chris,2025,10,Ra
Chris,2025,9,Caesar's Palace
Chris,2025,8,Paladins of the West Kingdom
Chris,2025,7,Zoo Vadis
Chris,2025,6,Broom Service
Chris,2025,5,Galactic Cruise
Chris,2025,4,Ethnos
Chris,2025,3,Dominion
Chris,2025,2,A Fest for Odin
Chris,2025,1,Brass Birmingham
Kevin,2025,1,Forest Shuffle
Kevin,2025,2,Sushi Go Party!
Kevin,2025,3,Kōhaku
Kevin,2025,4,PUSH
Kevin,2025,5,Caesar's Empire
Kevin,2025,6,Cartographers
Kevin,2025,7,Sagrada
Kevin,2025,8,Solstis
Kevin,2025,9,In the Footsteps of Darwin
Kevin,2025,10,FYFE
Kevin,2025,11,Honey Buzz
Kevin,2025,12,Dominion (Second Edition)
Kevin,2025,13,Cities
Kevin,2025,14,Between Two Cities
Kevin,2025,15,That's Pretty Clever!
Kevin,2025,16,Blue Lagoon
Kevin,2025,17,Codenames: Pictures
Kevin,2025,18,Rummikub
Kevin,2025,19,Comic Hunters
Kevin,2025,20,Butterfly
Kevin,2025,21,Azul: Queen's Garden
Kevin,2025,22,Captain Flip
Kevin,2025,23,Skull King
Kevin,2025,24,Wilmot's Warehouse
Kevin,2025,25,The Isle of Cats: Explore & Draw
Kevin,2025,26,Roll for the Galaxy
Kevin,2025,27,Paladins of the West Kingdom
Kevin,2025,28,Quacks
Kevin,2025,29,Sushi Go!
Kevin,2025,30,Love Letter
Kevin,2025,31,7 Wonders: Architects
Kevin,2025,32,Mountain Goats
Kevin,2025,33,Viticulture Essential Edition
Kevin,2025,34,Everdell
Kevin,2025,35,Monopoly Express
Kevin,2025,36,Dice Miner
Kevin,2025,37,Orléans
Kevin,2025,38,Everdell Farshore
Kevin,2025,39,Alhambra: Big Box
Kevin,2025,40,Point City
Kevin,2025,41,My Shelfie: The Dice Game
Kevin,2025,42,SETUP
Kevin,2025,43,Creature Comforts
Kevin,2025,44,Floriferous
Kevin,2025,45,Caldera Park
Kevin,2025,46,Knarr
Kevin,2025,47,Namiji
Kevin,2025,48,Stone Age
Kevin,2025,49,Dutch Blitz
Kevin,2025,50,Manhattan
Kevin,2025,51,It's a Wonderful World
Kevin,2025,52,Trio
Kevin,2025,53,Nunatak: Temple of Ice
Kevin,2025,54,Illusion
Kevin,2025,55,The Bears and the Bees
Kevin,2025,56,Raiders of the North Sea
Kevin,2025,57,For Sale
Kevin,2025,58,Cover Your Assets
Kevin,2025,59,MANTIS
Kevin,2025,60,Can't Stop
Kevin,2025,61,Dragonkeepers
Kevin,2025,62,Earth
Kevin,2025,63,Istanbul
Kevin,2025,64,Azul: Stained Glass of Sintra
Kevin,2025,65,Architects of the West Kingdom
Kevin,2025,66,Memoarrr!
Kevin,2025,67,Cascadia
Kevin,2025,68,Mille Fiori
Kevin,2025,69,Subastral
Kevin,2025,70,Five Tribes: The Djinns of Naqala
Kevin,2025,71,Wandering Towers
Kevin,2025,72,Russian Railroads
Kevin,2025,73,Picture Perfect
Kevin,2025,74,Nidavellir
Kevin,2025,75,Lure
Kevin,2025,76,The Castles of Burgundy
Kevin,2025,77,The Red Cathedral
Kevin,2025,78,Las Vegas Royale
Kevin,2025,79,Little Devils
Kevin,2025,80,Silver & Gold
Kevin,2025,81,Trek 12: Himalaya
Kevin,2025,82,Stratego
Kevin,2025,83,Link City
Kevin,2025,84,Priorities
Kevin,2025,85,Looot
Kevin,2025,86,Savannah Park
Kevin,2025,87,Planted: A Game of Nature & Nurture
Kevin,2025,88,Quoridor
Kevin,2025,89,Dog Lover
Kevin,2025,90,Codenames
Kevin,2025,91,Downtown Farmers Market
Kevin,2025,92,Stockpile: Epic Edition
Kevin,2025,93,What Do You Meme?
Kevin,2025,94,Downforce
Kevin,2025,95,Martian Dice
Kevin,2025,96,Forever Home
Kevin,2025,97,SCOUT
Kevin,2025,98,Happy City
Kevin,2025,99,Juicy Fruits
Kevin,2025,100,Five Crowns

