"Game Name", "Shelf"
"Millennia: Tracks of Time","28 D"
"The Lord of the Rings: The Two Towers - Trick-Taking Game","27 C"
"Krasskariert (Cockroach Poker)","BIN"
"10 Days in Africa","20 D"
"10 Days in Europe","20 D"
"10 Days in the National Parks","20 D"
"10 Minute Heist: The Wizard's Tower","BIN"
"12 Rivers","7 C"
"1754 Conquest: the French and Indian War","11 B"
"1775: the American Revolution","11 B"
"1812: the Invasion of Canada","11 B"
"1822: The Railways of Great Britain","11 B"
"1824: Austrian-Hungarian Railway","11 B"
"1830: Railways & Robber Barons","11 B"
"1846: The Race for the Midwest","11 B"
"1861: Railways of the Russian Empire & 1867: Railways of Canada","11 B"
"18CZ","11 B"
"1906 San Francisco","16 E"
"1960: The Making of the President","11 D"
"1987 Channel Tunnel","16 E"
"1ers Contacts","27 E"
"1st & Goal","14 D"
"2 de Mayo","13 B"
"21X","16 D"
"25 Words or Less","15 B"
"3 Chapters","BIN"
"3 Ring Circus","6 C"
"3 Witches","27 B"
"3000 Scoundrels","14 D"
"5-Minute Marvel","16 A"
"51st State","1 A"
"6 Nimmt","BIN"
"7 Wonders","4 B"
"7 Wonders Dice","28 B"
"7 Wonders Duel","26 A"
"7 Wonders: Architects","10 C"
"878 Vikings: Invasions of England","11 B"
"9 Lives","27 B"
"A Carnivore Did It!","24 C"
"A Feast for Odin","8 C"
"A Feast for Odin: The Norwegians","8 C"
"A Few Acres of Snow","11 A"
"A Game of Thrones: The Board Game","22 A"
"A Message From The Stars","27 A"
"A Place For All My Books","28 A"
"A Study in Emerald (Second Edition)","2 D"
"A Tale of Pirates","12 B"
"A War of Whispers","13 E"
"A Wayfarer's Tale: The Journey Begins","28 A"
"A Wild Venture","27 E"
"Abomination: The Heir of Frankenstein","4 B"
"Above and Below","1 D"
"Above and Below: Haunted","1 D"
"Abyss","5 A"
"Acquire","11 E"
"Ada's Dream","28 E"
"Adrenaline","12 C"
"Advanced Squad Leader Starter Kit","11 A"
"Adventure Games: Monochrome Inc.","13 C"
"Adventure Games: The Dungeon","13 C"
"Adventure Land","5 D"
"Adventure Party: The Role-Playing Party Game","15 D"
"Aeon's End","12 E"
"Aeon's End: Outcasts","12 E"
"After The Empire","23 E"
"After Us","12 D"
"Afternova","16 D"
"Age of Dirt: A Game of Uncivilization","5 A"
"Age of Galaxy","26 D"
"Age of Innovation","7 C"
"Age of Steam","11 E"
"Age of War","BIN"
"Agricola","8 C"
"Agueda: City of Umbrellas","21 C"
"Ahoy","17 B"
"AI Space Puzzle","24 D"
"AI: 100% Human","14 A"
"Air, Land & Sea","BIN"
"Airlines Europe","5 E"
"Akropolis","10 C"
"Aladdin's Dragons","12 C"
"Alchemists","3 C"
"Alibis","27 C"
"Alien Artifacts","1 A"
"Alien Frontiers: Edition X","1 E"
"All-Star Draft","24 B"
"Alma Mater","3 A"
"Almanac: The Dragon Road & The Crystal Peaks","24 E"
"Almost Innocent","24 D"
"Alpenglow","28 C"
"Altiplano","9 D"
"Alubari: A Nice Cup of Tea","3 E"
"Amalfi: Renaissance","7 A"
"Amerigo","7 B"
"Among Cultists: A Social Deduction Thriller","24 A"
"Amsterdam","3 B"
"Amun-Re","2 A"
"Anachrony","18 D"
"Anchors Aweigh!","8 B"
"Ancient Civilizations of the Inner Sea","11 E"
"Ancient Knowledge","6 B"
"Ancient Terrible Things: Reawakened","23 D"
"Android: Mainframe","24 B"
"Andromeda's Edge","18 B"
"Animal Kingdoms","13 B"
"Animals in Espionage","BIN"
"Ankh: Gods of Egypt","25 A"
"Ankh: Gods of Egypt - Tomb of Wonders","25 A"
"Anno 1800","3 D"
"Antiquity","8 E"
"Ants","28 C"
"Anunnaki: Dawn of the Gods","7 D"
"Apiary","2 D"
"Apistocracy","26 D"
"Apollo: A Game Inspired by NASA Moon Missions","20 D"
"Apples to Apples: Marvel","15 C"
"Aqua Garden","14 E"
"Aquaria","28 C"
"AquaSphere","9 C"
"Aquatica","27 D"
"Aquatica: Duellum","27 D"
"Arborea","12 A"
"Arboretum","BIN"
"Arbos Apfel","23 C"
"Arcadia Quest","22 A"
"Arcadia Quest: Pets","22 A"
"Arcana Rising","14 C"
"Archaeology: The Card Game","BIN"
"Archipelago","5 C"
"Architects of the West Kingdom","9 B"
"ArchRavels","14 E"
"Arcs","17 B"
"Arcs","17 B"
"Arctic Scavengers: Base Game+HQ+Recon","4 C"
"Arigato","28 B"
"Ark Nova","17 C"
"Ark Nova","17 C"
"Arkham Horror","22 A"
"Arkham Horror: Final Hour","14 C"
"Arkham Horror: The Card Game","20 E"
"Armini Circus (Yardmaster)","BIN"
"Around the World in 80 Days","9 C"
"Around the World in 80 Days","23 B"
"Arraial","6 D"
"Art Society","12 B"
"Artifacts, Inc.","16 C"
"Asante","26 A"
"Ascending Empires: Zenith Edition","26 E"
"Ascension Tactics: Miniatures Deckbuilding Game","19 D"
"Ascension: Deckbuilding Game","14 D"
"Ascension: Dreamscape","14 D"
"Ascension: Skulls & Sails","14 D"
"Ashes Reborn: Rise of the Phoenixborn","19 D"
"Asking for Trobils (Big Box)","17 A"
"Aspens","26 C"
"Astro Knights","13 B"
"At the Gates of Loyang","8 C"
"Atiwa","8 D"
"Atlantis Rising","5 C"
"Atlas Lost: Rise of the New Sovereigns","6 A"
"Attack on Titan: Deck-Building Game","14 D"
"Attack on Titan: The Last Stand","20 D"
"Australis","3 E"
"Autobahn","11 D"
"Automania","4 B"
"AuZtralia","4 A"
"Avant Carde","16 C"
"Ave Caesar","23 A"
"Awkward Guests: The Walton Case","24 D"
"Axio","21 D"
"Azul","10 B"
"Azul Duel","26 B"
"Azul: Master Chocolatier","10 B"
"Azul: Queen's Garden","10 B"
"Azul: Stained Glass of Sintra","10 B"
"Azul: Summer Pavilion","10 B"
"Babylonia","21 E"
"Back to the Future: Back in Time","20 A"
"Bacon","27 B"
"Bad Apples","15 D"
"Bad Bones","20 D"
"Bad Company","4 E"
"Balderdash","15 B"
"Bamboo","6 C"
"BANG!","24 A"
"BANG! The Dice Game","BIN"
"BANG! The Duel","24 A"
"Banned Words","15 B"
"Barbarian Kingdoms","26 D"
"Barbarians: The Invasion","21 C"
"Barcelona","4 D"
"Bardwood Grove","7 A"
"Baren Park","8 B"
"Bark Avenue","20 B"
"Barrage","8 D"
"Baseball Highlights: 2045","12 A"
"Basket Boss","27 A"
"Bastille","3 B"
"Battle Cry: 150th Civil War Anniversary Edition","23 E"
"Battle for the Deep: Powered by Axis & Allies","25 B"
"Battle of Gods","12 D"
"Battle Sheep","14 C"
"Battleball","19 E"
"Battlelands","BIN"
"Battlelore 2.0 (Box1)","22 C"
"Battlelore 2.0 (Box2)","22 C"
"Battleship Galaxies","23 E"
"Battlestar Galactica: The Board Game","22 A"
"Bear Raid","27 A"
"Beast","13 E"
"Beat the 8 Ball","17 D"
"Beer & Bread","26 A"
"Behind","28 B"
"Belfort","9 C"
"Bequest","2 E"
"Best Treehouse Ever: Forest of Fun","6 C"
"Betrayal at Baldurs Gate","19 B"
"Betrayal at House on the Hill: 3rd Edition","19 B"
"Between Two Castles of Mad King Ludwig","3 C"
"Beyond the Sun","17 B"
"Biathlon Blast","26 D"
"Biblios","16 B"
"Biblios: Quill and Parchment","16 D"
"Bidder Up!","4 E"
"Big Monster","16 E"
"Big Top","27 B"
"Biohack","7 D"
"Biome","1 B"
"BIOTIX","16 D"
"Bites","27 A"
"Bitoku","3 C"
"Black Angel","7 B"
"Black Fleet","5 A"
"Black Forest","8 C"
"Black Orchestra","5 B"
"Black Rose Wars","18 A"
"Blackout: Hong Kong","3 A"
"Blank Slate","15 B"
"Blind Jack","BIN"
"Blitz Bowl: Season 2","23 E"
"Blitzkrieg!: World War Two in 20 Minutes","26 B"
"Blob Party","15 B"
"Blob Party Neon Nights","15 B"
"Block Ness","23 C"
"Blockbuster","15 D"
"Blokus","23 C"
"Blood on the Clocktower","18 C"
"Blood Rage","25 A"
"Bloodborne: The Card Game","14 C"
"Bloodbowl: Team Manager","25 B"
"Bloom","BIN"
"Blossoms","BIN"
"Blue Lagoon","6 E"
"Blue Moon City","5 D"
"Bob Ross: Art of Chill Game","20 D"
"Bob Ross: Happy Little Accidents","14 B"
"Bohemians","28 A"
"Bohnanza","16 B"
"Bomb Busters","24 D"
"Bonfire","8 A"
"Bonsai","24 B"
"Books of Time","5 B"
"Boomerang","BIN"
"Boonlake","9 D"
"BOOoop.","10 C"
"boop.","10 C"
"Bootleggers","7 D"
"Bora Bora","8 A"
"Bosk","17 A"
"Boss Monster: The Dungeon Building Card Game","16 D"
"Bot Factory","7 A"
"Botanicus","5 E"
"Botswana","21 B"
"Bottle Imp","BIN"
"Boxtop Pinball: Haunted House","17 D"
"Brass: Birmingham","4 A"
"Brass: Birmingham","4 A"
"Brass: Lancashire","4 A"
"BraveRats","BIN"
"Brazil: Imperial","5 C"
"Brew","21 C"
"Brian Boru: High King of Ireland","12 A"
"Brick & Mortar","8 B"
"Brick Like This!","15 E"
"Brink","27 F"
"Broken and Beautiful: A Game About Kintsugi","BIN"
"Broom Service","8 A"
"Bruges","8 A"
"Bruxelles 1897","16 C"
"Bugs on Rugs","BIN"
"Bullet Heart","24 B"
"Bumper Bots: The Sling Sliders Game","Dexterity"
"Bumuntu","14 D"
"Bunny Kingdom","1 C"
"Bus","9 D"
"Busy Beaks","6 C"
"But Wait, There's More!","15 E"
"Butterfly","23 B"
"Cabanga!","BIN"
"Cacao","8 B"
"Caesar & Cleopatra","26 B"
"Caesar: Rome vs Gaul","11 E"
"Caesar! Seize Rome in 20 Minutes","26 B"
"Caesar's Empire","2 E"
"Cafe Baras","28 A"
"Cairn","24 B"
"Caldera Park","21 D"
"Calico","21 E"
"Calimala","28 E"
"Call to Adventure","20 E"
"Call to Adventure: The Stormlight Archive","20 E"
"Call to Glory","BIN"
"Camel Up","23 A"
"Can't Stop","10 C"
"Candy Utopia","27 E"
"Canopy: Evergreen","6 B"
"Cantaloop: Book 1, Breaking into Prison","13 C"
"Canvas","10 D"
"Caper: Europe","26 B"
"Captain Flip","13 C"
"Captain Sonar","1 A"
"Carcassonne","10 B"
"Carcassonne: Hunters and Gatherers","10 B"
"Carcassonne: Safari","10 B"
"Carcassonne: Star Wars","10 B"
"Cardline: Marvel","BIN"
"Carnegie","12 E"
"Carpe Diem","8 A"
"Carpet Ball","Dexterity"
"Carrom Shuffle Board Game","Dexterity"
"Carrooka","Dexterity"
"Carson City","8 D"
"Cartographers","13 A"
"Cartographers (Collector's Edition)","12 E"
"Cascadero","24 E"
"Cascadia","21 E"
"Cascadito","16 B"
"Cash and Guns: 2nd Ed","15 E"
"Castellans","5 D"
"Castle Combo","16 D"
"Castle Panic: Big Box","22 C"
"Castles of Mad King Ludwig: Collector's Edition","3 C"
"Cat Cafe","13 A"
"Cat in the Box","24 C"
"Cat Tower","BIN"
"Catacombs","13 E"
"CATAN: 3D Edition","Oversized"
"Catan: Starfarers","7 D"
"Catch the Moon","16 A"
"Caution Signs","15 D"
"Cave Troll","25 B"
"Caverna: The Cave Farmers","8 C"
"Caylus","9 A"
"Caylus 1303","9 A"
"Celestia","13 C"
"Cellulose: A Plant Cell Biology Game","14 E"
"Century: A New World","10 A"
"Century: Eastern Wonders","10 A"
"Century: Entire Trilogy (New World Box)","10 A"
"Century: Golem Edition","10 A"
"Century: Golem Edition An Endless World","10 A"
"Century: Spice Road","10 A"
"Ceres","7 C"
"Challengers! 1&2","5 A"
"Champions of Midgard","2 C"
"Chaos in the Old World","25 B"
"Charcuterie: The Board Game","13 B"
"Charioteer","23 A"
"Charterstone","2 D"
"Cheating Moth","BIN"
"Checkpoint Charlie","BIN"
"Chess (Best Chess Set Ever) includes Knightmare Chess","26 C"
"Children of the Colossi","28 D"
"Chimera Station","7 B"
"Chinatown","9 E"
"Chocolate Factory","9 A"
"Chomp","27 B"
"Chomp","BIN"
"Choose Your Own Adventure: House of Danger","14 A"
"Choose Your Own Adventure: War with the Evil Power Master","14 A"
"Christmas Tree","12 A"
"Chronicles of Crime","13 D"
"Chronicles of Crime: The Millennium Series Chronicles of Time Expansion","13 D"
"Circadians: First Light","9 B"
"Circle the Wagons","BIN"
"Circus Flohcati","BIN"
"Citadels","10 C"
"Cities","6 C"
"Citizens of the Spark","26 D"
"City of Gears","2 C"
"City of Iron","1 D"
"City of the Big Shoulders","11 A"
"Civolution","7 A"
"Clank! In! Space!: A Deck-Building Adventure","4 C"
"Clank!: A Deck-Building Adventure","4 C"
"Clank!: Catacombs","4 C"
"Clans of Caledonia","9 D"
"Clans of Caledonia: Industria","28 E"
"Clash of Cultures","11 A"
"Claustrophobia 1643","18 C"
"Claw Machine","BIN"
"Cleopatra and the Society of Architects","1 E"
"Clinic","7 A"
"CloudAge","3 D"
"Cloudspire","25 B"
"Clue: The Great Museum Caper","17 E"
"CO2","7 E"
"Coal Baron","5 E"
"Coatl","6 B"
"Code 777","9 A"
"Codenames XXL","15 A"
"Codenames: Back to Hogwarts","15 A"
"Codenames: Blizzard Edition","15 A"
"Codenames: Duet (Giant)","15 A"
"Codenames: Marvel","15 A"
"Codenames: Pictures","15 A"
"Codenames: The Simpsons","15 A"
"Codex: Core Set (Box 1 of 2)","13 B"
"Codex: Starter Set (Box 2 of 2)","13 B"
"Coimbra","3 A"
"Coloma","7 A"
"Colosseum","1 E"
"Colt Express (Big Box)","7 C"
"Colt Super Express","BIN"
"Combat Commander Europe","11 D"
"Combo Fighter","6 C"
"Come Sail Away!","10 C"
"Come Together","3 E"
"Comic Hunters","6 C"
"Compile: Main 1","BIN"
"Compounded","14 E"
"Concept","15 A"
"Concordia","12 C"
"Concordia Venus","12 C"
"Condottiere","16 B"
"Conflict of Heroes: Awakening the Bear","11 B"
"Conquest of Planet Earth Apocalypse: Base & Expansion","22 D"
"Conspiracy: The Solomon Gambit","5 E"
"Container","4 E"
"Cooper Island","3 D"
"Copenhagen","3 B"
"Copenhagen: Roll & Write","13 A"
"Core Worlds","13 E"
"Corinth","13 A"
"Corps of Discovery: A Game Set in the World of Manifest Destiny","17 C"
"Corrosion","3 C"
"Cosmic Colonies","5 D"
"Cosmic Encounter (Base)","5 B"
"Cosmic Encounter (With Everything)","5 B"
"Cosmic Encounter Duel","20 B"
"Cosmic Factory","14 C"
"Cosmic Run: Regeneration","14 E"
"Cosmoctopus","21 C"
"Cosmolancers","28 A"
"Cottage Garden","8 C"
"Council of 4","2 C"
"Council of Shadows","8 D"
"Counterfeiters","16 E"
"Coup","BIN"
"Couture","BIN"
"Covenant","28 E"
"Crafting the Cosmos","5 E"
"Crappy Birthday","15 C"
"Crash Octopus","16 B"
"Creature Caravan","1 D"
"Creature Comforts","9 E"
"Cretaceous Rails","11 A"
"Critical Mass: Patriot vs Iron Curtain","26 A"
"Critical Mass: Raijin vs Archon","26 A"
"Critter Kitchen","1 C"
"Crokinole - Basic","Dexterity"
"Crokinole - Dice People","Dexterity"
"Crokinole - Dice Tower","Dexterity"
"Cross Clues","15 E"
"Crossfire","BIN"
"Crown of Emara","8 E"
"Crusaders: Thy Will be Done","12 E"
"Cry Havoc","19 C"
"Cryo","20 E"
"Cryptic Nature","24 E"
"Cryptid","24 D"
"Crystal Palace","12 A"
"Cthulhu Wars","25 D"
"Cthulhu: Dark Providence","28 A"
"Cthulhu: Death May Die - Fear of the Unknown","26 E"
"Ctrl","16 E"
"Cubitos","23 B"
"Cupcake Empire","9 A"
"Curious Cargo","26 A"
"Cursed Court","21 B"
"Custom Heroes","24 C"
"Cutthroat Caverns","16 B"
"Cuzco","2 A"
"CVlizations","14 B"
"Cyberpunk 2077: Gangs of Night City","25 A"
"Cyclades: Legendary Edition","24 E"
"Cytosis: A Cell Biology Board Game","14 E"
"Daimyo: Rebirth of the Empire","2 B"
"Daitoshi","3 C"
"Dale of Merchants Collection","4 C"
"Dandelions","27 C"
"Darwin's Journey","17 A"
"David & Goliath","BIN"
"Daybreak","10 C"
"DC Deckbuilding Game","17 E"
"DC Spyfall","24 A"
"DC Super Heroes United: Batman Hush","20 C"
"Dead of Winter: A Crossroads Game","19 A"
"Dead Reckoning","18 D"
"Deception: Murder in Hong Kong","24 A"
"Decorum","2 C"
"Decrypto XL","15 E"
"Deep Blue","1 E"
"Deep Dive","16 B"
"Deep Regrets","20 E"
"Deep Rock Galactic: The Board Game","18 D"
"Deep Sea Adventure","BIN"
"Defenders of the Realm","19 E"
"DEI: Divide et Impera","19 E"
"Deliverance","25 E"
"Destinies","6 E"
"Detective Club","15 A"
"Detective: A Modern Crime Board Game","22 E"
"Detective: A Modern Crime Board Game Season One","14 A"
"Detective: City of Angels","7 C"
"Deus","5 A"
"Dewan","27 E"
"Diamant: Be Bold or Beware","21 B"
"Dice Cards","BIN"
"Dice Forge","4 B"
"Dice Hospital","6 E"
"Dice Manor","27 D"
"Dice Miner","11 D"
"Dice Realms","17 A"
"Dice Theme Park","23 C"
"Dice Throne: Outcasts","23 E"
"Dice Throne: Santa v. Krampus","23 D"
"Dice Throne: Season One ReRolled - Barbarian v. Moon Elf","23 D"
"Dice Throne: Season One ReRolled - Monk v. Paladin","23 D"
"Dice Throne: Season One ReRolled - Pyromancer v. Shadow Thief","23 D"
"Dice Throne: Season One ReRolled - Treant v. Ninja","23 D"
"Dice Throne: Season Two - Cursed Pirate v. Artificer","23 D"
"Dice Throne: Season Two - Gunslinger v. Samurai","23 D"
"Dice Throne: Season Two - Seraph v. Vampire Lord","23 D"
"Dice Town","1 A"
"Die Macher","5 D"
"Die Schlacht der Dinosaurier","17 D"
"Dilluvia Project","6 D"
"Dimension","21 E"
"Dinner in Paris","3 A"
"DinoGenics","1 B"
"Dinosaur Island","1 B"
"Dinosaur World","1 B"
"Diplomacy","11 E"
"Direwild","19 A"
"Dirt & Dust","26 D"
"Diskwars","25 B"
"Disney Animated","20 B"
"Disney Gargoyles: Awakening","20 D"
"Disney Villainous: Bigger and Badder","20 B"
"Disney Villainous: Evil Comes Prepared / Wicked to the Core","20 B"
"Disney Villainous: Perfectly Wretched / Despicable Plots","20 B"
"Disney Villainous: The Worst Takes it All","20 B"
"Disney: The Haunted Mansion - Call of the Spirits Game","20 B"
"Distilled","17 C"
"Dive","6 B"
"Divinare","14 A"
"Dixit","15 A"
"Dixit Odyssey","15 A"
"Dixit: Disney Edition","20 B"
"Dodos Riding Dinos","23 A"
"Dog Park","1 C"
"Dogs of War","18 D"
"Dollars to Donuts","10 E"
"Domaine","4 B"
"Dominant Species","9 C"
"Dominant Species: Marine","9 C"
"Dominare","6 D"
"Dominations: Road to Civilization","7 A"
"Dominion","4 C"
"Dominion: Intrigue","4 C"
"Dominion: Menagerie","4 C"
"Dominion: Plunder & Hinterlands","4 C"
"Dominion: Prosperity","4 C"
"Don't L.L.A.M.A. Dice","BIN"
"Don't Mess with Cthulhu","BIN"
"Doodle Dash","15 C"
"Dorf Romantic","7 D"
"Downforce","23 B"
"Draft & Write Records","21 C"
"Draftosaurus","14 A"
"Dragon Castle","2 D"
"Dragon's Gold","14 B"
"Dragon's Hoard","BIN"
"Dragonkeepers","12 B"
"Dragonscales","27 D"
"Dreadful Meadows","10 C"
"Dream Home","1 B"
"Dribble","Dexterity"
"Drop It","21 D"
"DroPolter","BIN"
"Duck & Cover","BIN"
"Duel For Cardia","BIN"
"Duelosaur Island","13 B"
"Dune","22 D"
"Dune: Imperium","5 C"
"Dune: Imperium - Uprising","5 C"
"Dune: War for Arrakis","18 B"
"Dungeon Academy","14 C"
"Dungeon Fighter (Collector's Edition)","12 E"
"Dungeon Lords","3 C"
"Dungeon Petz","3 C"
"Dungeon Rummy","27 E"
"Dungeon Twister","18 A"
"DungeonQuest","22 A"
"Dust in the Wings","23 B"
"Dutch Resistance: Orange Shall Overcome!","11 B"
"DVONN","21 D"
"Dwellings of Eldervale","18 B"
"Earth","3 D"
"Earth","3 D"
"Easy Come Easy Go","BIN"
"Echidna Shuffle","20 E"
"Echoes of Time","27 E"
"Eclipse: Second Dawn for the Galaxy","18 E"
"Eco-Links","6 B"
"Ecos: First Continent","2 B"
"Egizia: Shifting Sands","4 A"
"EGO","14 B"
"Eight-Minute Empire","14 A"
"Eight-Minute Empire: Legends","14 A"
"Eila and Something Shiny","19 E"
"El Grande","2 A"
"ELDEN RING: Realm of the Grafted King","26 E"
"Elder Sign","16 E"
"Eldritch Horror","22 A"
"Elfenroads","12 C"
"Elysium","12 A"
"Emberheart","28 D"
"Emberleaf","1 C"
"Eminent Domain","12 E"
"Empire's End","16 E"
"Empires of the Void II","1 D"
"Empires: Age of Discovery","7 B"
"Enchanters: Overlords","13 E"
"Encyclopedia","3 E"
"Endangered","23 B"
"Endeavor: Age of Sail","12 D"
"Endeavor: Deep Sea","5 E"
"Endless Winter: Paleoamericans","17 C"
"EOS: Island of Angels","25 B"
"Epochs: Course of Cultures","27 F"
"Epona","28 C"
"Equinox","20 B"
"Era: Medieval Age","6 D"
"Escape from Colditz","11 D"
"Escape from the Aliens in Outer Space","24 A"
"Escape Plan","7 E"
"Escape Tales: The Awakening","13 D"
"Estoril 1942: Super Box","2 C"
"Eternal Decks","28 B"
"Eternal Palace","6 E"
"Eternal: Chronicles of the Throne","14 A"
"Etherstone","28 C"
"Ethnos: 2nd Edition","14 C"
"Euphoria: Build a Better Dystopia","2 D"
"Evacuation","12 A"
"Eve: War for New Eden","27 F"
"Evenfall","2 C"
"Everdell","17 A"
"Everdell Duo","26 C"
"Everdell Farshore","17 A"
"Everdell Silverfrost","28 C"
"Evergreen","12 A"
"Everstone: Discovering Ignis","28 C"
"Evolution: Climate","21 D"
"Excape","16 B"
"Excavation Earth","5 E"
"Exodus Fleet","9 D"
"Expancity","23 D"
"Expedition","24 B"
"Expedition to Newdale","8 D"
"Expeditions","25 D"
"Explorers of Navoria","14 D"
"Expressions","BIN"
"Ezra and Nehemiah","9 B"
"Fabled Fruit","12 C"
"Faces","15 C"
"Factory Fun","23 C"
"Factory Funner","12 B"
"Fairy","27 B"
"Fairy Ring","24 B"
"Fairy Tale","BIN"
"Fairy Tale Inn","10 A"
"Faiyum","12 C"
"Fake That!","15 C"
"Fall of the Mountain King","3 E"
"Fallout","22 C"
"Fallout Shelter: The Board Game","21 B"
"Fantastic Factories","12 A"
"Fantasy Business","BIN"
"Fantasy Realms","BIN"
"Far Away","BIN"
"Fast & Furious: Highway Heist","20 B"
"Fast Forward: FEAR","16 D"
"Fast Forward: FLEE","16 D"
"Fast Forward: FORTRESS","16 D"
"Fast Forward: FORTUNE","16 D"
"Fast Sloths","12 C"
"Fate of the Elder Gods","6 D"
"Fauna","5 A"
"Favor of the Pharaoh","2 E"
"Fearsome Floors","12 C"
"Featherlight","BIN"
"Federation","3 E"
"Feed the Kraken","24 A"
"Felicity: The Cat in the Sack","16 D"
"Fest Season","27 E"
"Feya's Swamp (El Pantano De Feya)","28 A"
"Fiction","BIN"
"Fields of Arle","8 D"
"Fields of Green","21 A"
"Filler","BIN"
"Finn Billiards","Dexterity"
"Finspan","1 C"
"Fireball Island: The Curse of Vul-Kar","7 C"
"Firefighters on Duty","27 E"
"Firefly: The Game","19 C"
"Firenze","8 E"
"First Class: All Aboard the Orient Express!","8 D"
"First Empires","13 B"
"First in Flight","11 D"
"First Rat","9 C"
"Fishing","BIN"
"Fit to Print","14 A"
"Five Tribes","1 E"
"Flamecraft","1 C"
"Flamecraft Duals","26 B"
"Flamme Rouge","23 A"
"Flash Point: Fire Rescue","10 C"
"Flick 'em Up!","Oversized"
"Flip 7","BIN"
"Flip 7","BIN"
"Flip City","16 C"
"Flip Ships","12 B"
"Flippi","Dexterity"
"FlipToons","BIN"
"Fliptown","13 C"
"Flock Together","6 D"
"Floresta","27 D"
"Floriferous","BIN"
"Flotilla","3 D"
"Flourish","10 D"
"FlowerFall","BIN"
"Fluff","15 D"
"Food Chain Magnate","8 E"
"Food Chain Magnate: The Ketchup Expansion","8 E"
"Foodies","10 E"
"Foothills","11 E"
"For Sale","BIN"
"For Science!","6 E"
"For the Crown","21 E"
"For The Emperor","27 B"
"Forbidden Desert","10 B"
"Forbidden Island","10 B"
"Forbidden Stars","22 A"
"Forest Shuffle","14 B"
"Forest Shuffle: Dartmoor","14 B"
"Forestry","28 E"
"Forever Home","24 B"
"Forgotten Waters","19 A"
"Formaggio","28 E"
"Formidabel!","28 A"
"Formula D","23 A"
"Formula E","23 A"
"Fortunes of Scoundrel Bay","3 D"
"Forum Trajanum","2 B"
"Fossilis","9 E"
"Foundations of Metropolis","27 D"
"Foundations of Rome","18 C"
"Founding Fathers","11 D"
"Four Gardens","27 D"
"Fractured Sky","17 B"
"Franchise","3 B"
"Francis Drake","12 D"
"Free Ride USA","12 C"
"Freedom Five: A Sentinel Comics Board Game","27 D"
"Freedom: the Underground Railroad","11 D"
"Freedom!","11 E"
"Freelancers: A Crossroads Game","19 A"
"French Quarter","13 A"
"French Toast","27 C"
"Freshwater Fly","9 D"
"Fromage","5 C"
"Frostpunk: The Board Game","18 A"
"Fruitoplay","BIN"
"Fubi","Dexterity"
"Fun Facts","15 D"
"Fun Farm","16 A"
"Funemployed","15 E"
"Funfair","23 C"
"Furnace","9 C"
"Fury of Dracula","22 A"
"FUSE","21 B"
"Futuropia","12 C"
"Gaia Project","9 E"
"Galactic Cruise","7 E"
"Galactic Cruise","7 E"
"Galaxy Trucker","9 C"
"Galilean Moons","17 A"
"Galileo Galilei","7 A"
"Galileo Project","13 B"
"Game of Trains","BIN"
"Ganymede","14 D"
"Gardlings","2 C"
"Gates of Mara","6 E"
"Gateway Island","15 C"
"Gazebo","28 B"
"GemBlo","23 C"
"Gems of Iridescia","28 D"
"General Orders: Sengoku Jidai","26 C"
"Genoa","12 B"
"Genotype: A Mendelian Genetics Game","14 E"
"Gentes","9 A"
"Get Bit!","16 C"
"Get on Board","21 B"
"Getaway Driver","16 C"
"Ghost Stories: Black Secret","5 C"
"Ghosts of Christmas","27 B"
"GI JOE Deck-Building Game","20 C"
"Giant Jenga","Dexterity"
"Gin Crafters","24 B"
"Gingerbread House","10 E"
"Gingham","28 B"
"Ginkgopolis","17 A"
"GIPF","21 D"
"Gizmos","10 E"
"Gladius","14 E"
"Glass Road","8 C"
"Glen More II: Chronicles","7 C"
"Gloomhaven: Jaws of the Lion","19 C"
"Glory to Rome","21 B"
"Gnome Hollow","6 A"
"Goa","12 A"
"Godspeed","1 B"
"Godzilla: Tokyo Clash","20 A"
"Gold West","8 B"
"Golem","8 E"
"GoodCritters","24 A"
"Grand Austria Hotel","9 C"
"Grand Central Skyport","28 E"
"Gravity Superstar","16 B"
"Gravwell: Escape from the 9th Dimension","14 B"
"Great Western Trail","3 A"
"Great Western Trail: Argentina","3 A"
"Great Western Trail: New Zealand","3 A"
"Green Team Wins","15 B"
"Grimoire","16 C"
"Ground Floor","21 A"
"Guess Club","15 C"
"Gugong","7 A"
"Guild Academies of Valeria","5 D"
"Guildlands","12 E"
"Guilds of London","9 E"
"Guillotine","BIN"
"Gunkimono","12 A"
"Gutenberg","5 B"
"Habitats","27 A"
"Hadara","9 E"
"Hadrian's Wall","9 B"
"Hail Hydra","24 A"
"Half Truth","15 D"
"Hallertau","8 C"
"Halloween","20 A"
"Ham Helsing","26 D"
"Hamburg","3 B"
"Hanabi","16 B"
"Hanamikoji","26 B"
"Hanamikoji: Geisha's Road","26 B"
"Hansa Teutonica","8 E"
"Happy Pigs","10 D"
"Happy Salmon","BIN"
"Harbour","16 D"
"Hardback","14 A"
"Harmonies","21 B"
"Harvest","13 C"
"Haunt the House","9 E"
"Haven","13 B"
"Hawaii","9 A"
"Heat: Pedal to the Metal","23 A"
"Heave Ho!","26 A"
"Heaven & Ale","3 A"
"Hegemony: Lead Your Class to Victory","11 A"
"Hellboy the Board Game","22 D"
"Hello Kitty: Day at the Park","20 E"
"Herbaceous","16 B"
"Herbaceous Sprouts","13 B"
"Herbaceous: Pocket Edition","BIN"
"Heroes of Land, Air & Sea: Order and Chaos - (Box 1 of 2)","25 D"
"Heroes of Land, Air, & Sea: Pestilence - (Box 2 of 2)","25 D"
"Heroes of Might & Magic III: The Board Game","18 A"
"Heroes of Terrinoth","13 B"
"Heroes Welcome","8 B"
"HeroQuest","22 C"
"Heroscape Master Set: Rise of the Valkyrie","Oversized"
"Hey, That's My Fish!","10 C"
"Hibachi","5 A"
"Hidden Leaders","24 B"
"High Rise","7 B"
"High Society","27 C"
"High Society","BIN"
"Hit Z Road","14 D"
"HITSTER","15 D"
"Hokkaido","BIN"
"Holi: Festival of Colors","6 E"
"Holmes: Sherlock & Mycroft","26 B"
"Homesteaders","8 B"
"Honey Buzz","20 B"
"Hooky","24 D"
"Hooplastack","Dexterity"
"Horrified","20 A"
"Horrified: American Monsters","20 A"
"Horrified: Dungeons & Dragons","20 A"
"Horrified: Greek Monsters","20 A"
"Horrified: World of Monsters","20 A"
"Horseless Carriage","8 E"
"Hot Lead","BIN"
"Hot streak","27 C"
"Hot Streak","27 C"
"House of Fado","7 A"
"How many what?!","15 B"
"How to Save a World","3 E"
"Hues and Cues","15 E"
"Hunt for the Ring","22 E"
"I Heart Manatees","20 E"
"I Made You a Mixtape","BIN"
"Iberian Rails","11 E"
"Icaion","21 C"
"ICE COOL","16 A"
"ICE COOL 2","16 A"
"Ice Cool MEGA","Dexterity"
"Ichor","26 B"
"Igloo Pop","16 A"
"IKI","3 D"
"Ikonikus","BIN"
"Iliad","26 B"
"Illusion","BIN"
"Imhotep","4 B"
"Imhotep: The Duel","26 A"
"Imperial","12 C"
"Imperial 2030","12 C"
"Imperial Miners","24 C"
"Imperial Settlers","1 A"
"Imperial Settlers: Empires of the North","1 A"
"Imperial Steam","4 A"
"Imperium: Classics","11 A"
"In the Footsteps of Darwin","17 B"
"In the Footsteps of Marie Curie","17 B"
"In the Hall of the Mountain King","3 E"
"In the Year of the Dragon","8 A"
"In Too Deep","5 D"
"Indonesia","8 E"
"Indulgence","24 C"
"Infamy","9 D"
"Inferno","5 E"
"Infinity Gauntlet: A Love Letter Game","BIN"
"Ingenious","21 D"
"Inhabit the Earth","8 D"
"Inis","22 B"
"INK","10 B"
"Innovation","14 B"
"Inori","14 C"
"Insecta: The Ladies of Entomology","23 B"
"Inside Job","BIN"
"Insurrection","28 B"
"Into the Black Forest","BIN"
"Inuit: The Snow Folk","2 B"
"Inventions: Evolution of Ideas","7 E"
"Inventors of the South Tigris","9 B"
"Invincible: The Hero-Building Game","20 A"
"Iquazu","5 D"
"Iron Forest","17 D"
"Ironwood","12 D"
"Ishtar: Gardens of Babylon","4 E"
"Isle of Skye: From Chieftain to King","13 E"
"Isle of Trains: All Aboard","16 C"
"Islebound","1 D"
"Istanbul: Big Box","4 E"
"It's a Balloon!?","15 C"
"It's a Wonderful World","4 B"
"ito","15 C"
"ito","BIN"
"Iwari","6 E"
"Jaipur","26 B"
"Jalape-NO!","BIN"
"Jamaica","23 B"
"Jarl: The Vikings Tile-Laying Game","21 B"
"Jaws","20 A"
"Jet Set","7 C"
"Jewels for the Emperor Penguin","24 B"
"Jibber Jabble","27 B"
"Jisogi: Anime Studio Tycoon","28 D"
"John Company","11 D"
"Jokkmokk: The Winter Market","6 C"
"Jorvik","2 A"
"Joyride: Survival of the Fastest","23 B"
"Judge Dredd: Helter Skelter","19 A"
"Juicy Fruits","4 E"
"Jump Drive","16 D"
"Jungo","BIN"
"Junk Art","16 A"
"Just One","15 B"
"K2","4 E"
"Kabuto Sumo Big Box","27 A"
"Kahuna","26 A"
"Kaiju Incorporated","BIN"
"Kamisado","21 D"
"Kanagawa","21 B"
"Kanban EV","7 E"
"Kaosball: The Fantasy Sport of Total Domination","19 C"
"KAPOW!","9 D"
"Karuba","20 E"
"Kavango","6 A"
"Kebab","28 A"
"Keep","16 E"
"Kelp: Shark vs Octopus","13 C"
"Kemet: Blood and Sand","22 B"
"Kenny G: Keepin' It Saxy Game","20 E"
"Key Flow","8 D"
"Keyflower","8 D"
"Keyper","8 D"
"Keyside","28 E"
"Keystone: North America","23 B"
"Keythedral","8 D"
"Khora: Rise of an Empire","4 A"
"Kill Doctor Lucky","13 C"
"Kinfire Council","6 D"
"King of Monster Island","20 A"
"King of New Tokyo (Big Box)","20 A"
"King of Tokyo","20 A"
"King of Tokyo: Dark Edition","20 A"
"King of Tokyo: Duel","24 B"
"King's Forge","3 E"
"Kingdom Builder","3 B"
"Kingdom Rush: Rift in Time","19 A"
"Kingdomino","10 D"
"Kingdomino Duel","13 A"
"Kingdomino Origins","10 D"
"Kingmaker","11 E"
"Kingsburg","5 E"
"Kingswood","13 C"
"Kitchen Rush","5 A"
"KLASK","Dexterity"
"KLASK 4","Dexterity"
"Knarr","16 D"
"Knitting Circle","26 D"
"Kodama: The Tree Spirits","13 C"
"Kohaku","21 E"
"KOI","28 C"
"Kontour","BIN"
"Kraftwagen: Age of Engineering","11 E"
"Krass Kariert","BIN"
"Kremlin","9 D"
"Kronologic: Cuzco 1450","28 A"
"Kronologic: Paris 1920","24 D"
"Kutna Hora: The City of Silver","7 C"
"L.L.A.M.A.","BIN"
"La Famiglia: The Great Mafia War","7 C"
"La Granja","9 A"
"Lacrimosa","3 C"
"Land vs Sea","16 B"
"Lands of Galzyr","17 C"
"Lanterns: The Harvest Festival","10 D"
"Las Vegas Royale","8 A"
"Last Aurora","4 B"
"Last Bastion","5 C"
"Last Defense!","13 B"
"Last Light","18 E"
"Last Message","15 E"
"Last Will","8 E"
"Le Havre","8 C"
"Le Havre: The Inland Port","26 A"
"Leaders","26 C"
"Leaf","10 C"
"Legacy: Gears of Time","14 D"
"Legacy: The Testament of Duke de Crecy","1 A"
"Legends of Andor","2 E"
"Legions: Abyss Universe","26 C"
"Lego Timeline","16 C"
"Les Apaches de Paris","6 C"
"Let's Go! To Japan","14 D"
"Let's Make a Bus Route","9 D"
"Letter Jam","15 B"
"Letter Tycoon","14 C"
"Letters from Whitechapel","2 D"
"Level 7 [Omega Protocol]","19 D"
"Leviathan Wilds","19 D"
"Lewis & Clark: The Expedition","4 E"
"Libertalia: Winds of Galecrest","2 D"
"Life in Reterra","24 C"
"Life of the Amazonia","1 C"
"Lifeboat","27 C"
"Lifeboat","BIN"
"Lifeboats: Plank of Carneades","9 D"
"Lift Off! Get me off this Planet!","24 B"
"Light Speed","BIN"
"Light Speed: Arena","28 A"
"Lighthouse Run","12 B"
"Lightning Train","4 A"
"Limit","27 E"
"Line of Fire: Burnt Moon","16 D"
"Line-it","BIN"
"Link City","15 B"
"Lions of Lydia","23 E"
"Lisboa","7 E"
"Little Soldiers","28 B"
"Living Forest","2 E"
"Llama Llama","27 B"
"Llamaland","10 E"
"Lockup: A Roll Player Tale","21 A"
"London (Second Edition)","9 A"
"Long Live the Queen","BIN"
"Long Shot: The Dice Game","16 E"
"Longboard","BIN"
"Loony Quest","14 B"
"Lord of the Rings","22 E"
"Lord of the Rings: The Confrontation","22 E"
"Lords of Hellas (Box 1 of 2)","22 C"
"Lords of Hellas: Warlord Box (Box 2 of 2)","22 C"
"Lords of Vegas","5 B"
"Lords of Waterdeep","12 D"
"Lords of Waterdeep with Expansion (Scoundrel of Skullport Box)","12 D"
"Lords of Xidit","1 D"
"Lorenzo il Magnifico","9 A"
"Los Mampfos","15 E"
"Lost Cities","26 A"
"Lost Cities: The Board Game","5 D"
"Lost Legacy","BIN"
"Lost Ruins of Arnak","17 B"
"Lost Ruins of Arnak","17 B"
"Lost Valley: The Yukon Goldrush 1896","4 E"
"Louis XIV","8 B"
"Love Letter: Batman","BIN"
"Lowdown Dice Game","BIN"
"Luna","8 A"
"Lunar","27 B"
"Lure","27 B"
"Luthier","28 E"
"Luxor","3 B"
"LYNGK","21 D"
"Machi Koro 2","14 B"
"Madeira","3 A"
"Magazine","27 E"
"Mage Knight: Ultimate Edition","13 E"
"Mage Wars Academy","14 D"
"Magic Fold","21 A"
"Magic Maze","6 B"
"Magic Maze on Mars","6 B"
"Magic Realm","12 D"
"Magic the Gathering Commander Decks","24 E"
"Magic the Gathering Cube","26 C"
"Magic the Gathering: Heroes of Dominaria","6 E"
"Magical Athlete","17 E"
"Magical Athlete","28 B"
"Maglev Metro","2 B"
"Magnastorm","12 C"
"Majolica","21 A"
"Maki Master","27 E"
"Mamma Mia!","BIN"
"Mandala","26 A"
"Manhattan","8 B"
"Manila","5 E"
"Mansions of Madness: Second Edition","25 B"
"Map Masters","28 A"
"Maple Valley","9 E"
"Mapmaker: The Gerrymandering Game","13 C"
"Maracaibo","3 A"
"Marble Bobsleigh","17 E"
"March of the Ants: Evolved Edition","28 C"
"Marco Polo II: In the Service of the Khan","8 E"
"Mare Nostrum: Empires","4 A"
"Margraves of Valeria","5 D"
"Mariposas","23 B"
"Marrakesh","3 B"
"Marvel Champions","20 C"
"Marvel D.A.G.G.E.R.","20 C"
"Marvel Dice Throne Missions","23 E"
"Marvel Dice Throne: Black Panther vs Captain Marvel","23 D"
"Marvel Dice Throne: Black Widow vs Dr Strange","23 D"
"Marvel Dice Throne: Deadpool","23 D"
"Marvel Dice Throne: Scarlet Witch, Thor, Loki, Spider-Man","23 D"
"Marvel Dice Throne: X-Men - Cyclops v. Gambit v. Rogue v. Jean Grey","23 D"
"Marvel Dice Throne: X-Men - Iceman v. Psylocke v. Storm v. Wolverine","23 D"
"Marvel Legendary","22 D"
"Marvel United (Base)","20 C"
"Marvel United (Big Box)","20 C"
"Marvel United: Spider-Geddon","20 C"
"Marvel United: X-Men","20 C"
"Marvel United: X-Men","20 C"
"Marvel Villainous: Infinite Power","20 B"
"Marvel Zombies: A Zombicide Game","25 E"
"Marvel Zombies: X-Men Resistance","25 E"
"Marvel: Remix","BIN"
"MARVEL: Skirmish! In New York","26 C"
"Massive Darkness 2: Darkbringer - (Box 2 of 2)","25 C"
"Massive Darkness 2: Hellscape - (Box 1 of 2)","25 C"
"Master of Respect","14 C"
"Master Word","15 B"
"Masters of the Universe: The Board Game - Clash for Eternia","25 A"
"Match of the Century","26 A"
"Maul Peak","6 A"
"Meadow","1 C"
"Mechs vs. Minions","17 E"
"Medici","9 C"
"Medieval Academy","10 C"
"Medium","15 B"
"Meeple Circus","16 A"
"Meeple Circus XL","Oversized"
"Meeple Land","23 C"
"Megaland","13 B"
"Memoir '44","Hot B"
"Memoir 44 (Box 1 of 2)","22 E"
"Memoir 44 (Box 2 of 2)","22 E"
"Men at Work","16 A"
"Men-Nefer","3 D"
"Menara","5 A"
"Mental Blocks","16 A"
"MeowMeow Mia","15 E"
"Merchant of Venus","5 B"
"Merchants & Marauders","19 C"
"Merchants Cove","4 E"
"Merchants of Andromeda","27 A"
"Merchants of Muziris","16 E"
"Merchants of the Dark Road","3 E"
"Merv: The Heart of the Silk Road","2 E"
"Mesozooic","BIN"
"Messina 1347","12 A"
"Metal Gear Solid: The Board Game","26 E"
"Metro X","13 B"
"Mexica","2 A"
"Mezo","22 B"
"Mice and Mystics","19 A"
"MicroMacro: Crime City","13 D"
"Micropolis","10 E"
"Middle Ages","10 D"
"Mille Fiori","2 B"
"Millennium Blades","12 D"
"Mind MGMT: The Psychic Espionage Game.","18 B"
"Mind Space","27 B"
"Mindbug: Beyond Evolution","16 C"
"Minecraft: Builders & Biomes","20 B"
"Mini Shuffle Board Game","Dexterity"
"Mining Colony","24 C"
"Minos: Dawn of the Bronze Age","4 D"
"Mint Cooperative","Bin"
"Mint Works","BIN"
"Mission: Red Planet","2 B"
"Mississippi Queen","2 A"
"Mistborn: The Deckbuilding Game","6 B"
"Mists over Carcassonne","10 B"
"MLEM: Space Agency","6 B"
"Mobile Markets: A Smartphone Inc. Game","27 D"
"Modern Art","6 C"
"Mogul","8 B"
"Mombasa","3 A"
"Money!","27 C"
"Monkey Palace","21 A"
"Monolith Arena","1 A"
"Monolyth","21 C"
"Monopoly","17 D"
"Monster Baby Rescue!","9 A"
"Monster Crunch! The Breakfast Battle Game","20 C"
"Monster Lands","4 E"
"Monster Slaughter","22 D"
"Monsters on Board","5 B"
"Monumental","19 E"
"Monumental Duel: Exploration","26 A"
"Moon","14 A"
"Moon Colony Bloodbath","4 B"
"Moon River","10 D"
"Moonrakers","23 E"
"Moonrollers","24 C"
"Morels","26 B"
"Mori","27 B"
"Mosaic: A Story of Civilization","18 C"
"Motor City","13 A"
"Mountain Goats","27 B"
"Mountain Goats","BIN"
"Mr. Jack","10 E"
"Mr. Jack in New York","10 E"
"Munchkin Dungeon","25 A"
"Murano","8 E"
"Muse","15 A"
"Museum","5 E"
"My Father's Work","25 E"
"My Happy Farm","10 D"
"My Little Pony: Festival of Lanterns","20 E"
"My Shelfie","10 E"
"My Village","3 D"
"Mycelia: The Strategic Mushroom Game","28 C"
"Mysterium","15 A"
"Mystery of the Abbey","1 E"
"Mystery Rummy: Jack the Ripper","BIN"
"Mysthea","21 C"
"Mystic Vale: Essential Edition","4 B"
"Mythic Mischief","17 A"
"Namiji","17 D"
"Nations","7 C"
"Nations: The Dice Game","9 C"
"Nature","21 C"
"Navegador","12 C"
"Near and Far","1 D"
"Nefertiti","12 B"
"Nemesis","25 C"
"Nemesis: Lockdown","25 C"
"Neolithic","16 E"
"NEOM","2 B"
"Neta-Tanka","2 B"
"Neuroshima Hex! 3.0","1 A"
"Neuroshima: Convoy","16 C"
"New Amsterdam","6 D"
"New Angeles","18 E"
"New Bedford","14 B"
"New Frontiers","18 D"
"New York 1901","2 B"
"New York City","3 B"
"New York Slice","9 A"
"New York Zoo","8 C"
"Newton","9 D"
"Next Station: London","13 A"
"Nexus Ops","19 C"
"Nidavellir","21 B"
"Night of the Living Dead (Zombicide)","25 E"
"Night of the Ninja","24 A"
"Night Soil","28 B"
"Nightmare Productions","18 A"
"Ninjato","12 E"
"NMBR 9","21 E"
"No Thanks!","BIN"
"No Thanks!","BIN"
"No Touch Kraken","BIN"
"Nobjects","BIN"
"Nobody but Us Chickens","16 D"
"Noctiluca","21 E"
"NOIR: Deductive Mystery Game","BIN"
"Noises at Night","BIN"
"Noobs in Space","BIN"
"Norsemen","26 D"
"North American Railways","16 E"
"North Wind","5 B"
"Northgard: Uncharted Lands","18 A"
"Nothing Personal","7 A"
"Notre Dame: 10th Anniversary","8 A"
"Nova Luna","14 A"
"Nova Roma","2 C"
"Now or Never","1 D"
"Nucleum","4 D"
"Nunatak: Temple of Ice","21 A"
"Nuns on the Run","26 D"
"Nusfjord","8 C"
"Nyakuza","6 B"
"Nyet!","24 C"
"Oathsworn: Into the Deepwood","18 B"
"Obscurio","15 A"
"Obsession","9 D"
"Oceanos","5 D"
"Oceans","21 D"
"Octocube","28 A"
"Oddland","27 B"
"Odin's Ravens","BIN"
"Offshore","12 A"
"Oh My Goods!","BIN"
"Ohanami","BIN"
"Old London Bridge","3 B"
"Old West Empresario","8 B"
"Oliva","28 B"
"Oltree","19 D"
"On Mars","7 E"
"On the Rocks","20 C"
"On the Underground: London/Berlin","4 A"
"On the Underground: Paris/New York","4 A"
"On Tour","27 A"
"On Tour: Paris and New York","27 A"
"One Key","15 E"
"One Night Revolution","24 A"
"One Night Ultimate Super Villains","24 A"
"One Night Ultimate Werewolf","24 A"
"Oneironauts","15 E"
"Onitama","16 B"
"Onitama","16 B"
"Onstage (Sang Den)","27 C"
"Ora et Labora","8 C"
"Orapa Mine","24 C"
"Orapa Space","26 C"
"ORBIT","14 B"
"Orc-lympics","BIN"
"Oregon","9 C"
"Orichalcum","1 B"
"Origami","BIN"
"Origin Story","28 B"
"Origins: First Builders","4 D"
"Orleans","9 D"
"Orloj: The Prague Atronomical Clock","28 A"
"Ostia","17 A"
"OT Fantasy Draft","BIN"
"Outfox the Fox","15 D"
"Outlive","2 B"
"Overbooked","12 B"
"Overboss: A Boss Monster Adventure","2 E"
"Pack O Game: Set 1","BIN"
"Pack O Game: Set 2","BIN"
"Pack O Games - Set 3","BIN"
"Paint the Roses","24 D"
"Paladins of the West Kingdom","9 B"
"Paleo","5 C"
"Pampero","7 E"
"Pan Am","20 C"
"Panda Panda","27 B"
"Panda Spin","24 C"
"Pandemic","10 A"
"Pandemic Hot Zone: Europe","24 B"
"Pandemic Hot Zone: North America","24 B"
"Pandemic: Contagion","24 B"
"Pandemic: Fall of Rome","10 A"
"Pandemic: Iberia","10 A"
"Pandemic: Rapid Response","10 A"
"Pandemic: Reign of Cthulhu","10 A"
"Pandemic: Rising Tide","10 A"
"Pandemic: The Cure","10 A"
"Panic on Wall Street!","5 B"
"Paper Tales","14 C"
"Paperback","14 A"
"Papillon","23 B"
"Paris","3 A"
"Paris: La Cite de la Lumiere","26 A"
"Paris: New Eden","1 A"
"PARKS","10 D"
"Parks: Summit Edition","28 C"
"Passtally","14 C"
"Patchistory","9 C"
"Patchwork: Halloween","26 A"
"Path of Civilization","7 D"
"Pathways","Dexterity"
"Pax Pamir","11 D"
"Peak Oil","3 E"
"Peanut Butter Belly Time","KIDS BIN"
"Pencil Pirates","28 B"
"Penk!","BIN"
"Penny Papers Adventures: The Temple of Apikhabou","13 A"
"Pentago","23 C"
"Peppers of the Caribbean","BIN"
"Pergola","1 B"
"Periodic: A Game of The Elements","14 E"
"Petrichor","6 D"
"Phantom Ink","24 A"
"Philharmonix","28 E"
"Phoenix: New Horizon - Fix - Had wrong publisher","26 D"
"Photo Tour: North America","28 C"
"Photosynthesis","6 E"
"Pictomania","15 C"
"Picture Perfect","10 C"
"Pictures","15 B"
"Piece o' Cake","16 D"
"Piepmatz","BIN"
"Pies","27 B"
"Pillars of Heracles","27 E"
"Pinatas","27 C"
"Pinched!","26 D"
"Pioneer Days","8 B"
"Pipeline","2 C"
"Pirate's Cove","1 E"
"Piraten Billiard","Dexterity"
"Pirates of Maracaibo","3 A"
"Plague Inc.: The Board Game","20 B"
"Planet","6 D"
"Planet Unknown","6 A"
"Planta Nubo","6 E"
"Planted: A Game Of Nature & Nurture","10 C"
"Please Don't Burn My Village!","16 D"
"Pluckin' Pairs","15 B"
"Pocket Ops","BIN"
"Poetry for Neanderthals","15 B"
"Point City","16 C"
"Point Salad","BIN"
"Pokemon Splendor","10 D"
"Police Precinct","12 B"
"Pollen","27 A"
"Pop-Tarts Game","16 C"
"Port Royal: Big Box","6 C"
"Porto Carthago","8 B"
"Poseidon's Kingdom","2 E"
"Positano","10 D"
"Potion Explosion","10 E"
"Potions of Azerland","6 A"
"Power Grid","12 C"
"Power Grid: Outpost","26 D"
"Power Plants","9 E"
"Praga Caput Regni","3 A"
"Pret-a-Porter","1 A"
"Prey","27 B"
"Primal: The Awakening","24 E"
"Primates","1 C"
"Primordial Soup","12 B"
"Printing Press","9 B"
"Project ELITE","25 A"
"Project L: Master Box","10 E"
"Psychic Pizza Deliverers Go to the Ghost Town","27 A"
"Pucket","Dexterity"
"Puerto Rico","8 A"
"Puerto Rico Deluxe","27 F"
"Pulitzer","28 E"
"Pulsar 2849","3 C"
"Pylos","21 E"
"Pyramid Arcade","21 E"
"Q.E.","27 A"
"Qawale","21 E"
"Quacks: All in Edition","4 B"
"Quadropolis","1 E"
"Quantum","2 C"
"Quarriors! Quartifacts","12 D"
"Quarto","21 E"
"Queen's Necklace","10 E"
"Quests of Valeria","16 B"
"Quetzal","5 D"
"Quinamid","21 D"
"Quirky Circuits","5 A"
"Quixo","21 E"
"Quodd Heroes","22 C"
"Quoridor","21 E"
"Qwinto","BIN"
"Qwirkle","10 D"
"RA (Pharaoh Edition)","6 A"
"Ra and Write","28 B"
"Ra: The Dice Game","14 E"
"Raas: A Dance of Love","27 D"
"Raccoon Tycoon","17 A"
"Race for the Galaxy","14 E"
"Radlands","13 E"
"Rafter Five","BIN"
"Ragusa","12 A"
"Raiatea","8 D"
"Raiders of Scythia","9 B"
"Raiders of the North Sea","9 B"
"Railroad Ink: Blazing Red Edition","13 A"
"Railroad Ink: Deep Blue Edition","13 A"
"Railroad Tiles","28 B"
"Railway Boom","11 E"
"Rainbow","27 B"
"Rainbow Knights","16 D"
"Raising Chicago","28 E"
"Raising Robots","7 D"
"Rajas of the Ganges","5 B"
"Rallyman: GT","23 A"
"Ramen","BIN"
"Raptor","16 E"
"Rats of Wistar","12 D"
"Rattus Cartus","14 E"
"Rattus: Big Box","2 C"
"Ready Set Bet","23 B"
"Rear Window","15 E"
"Reavers of Midgard","2 C"
"Rebel Princess","26 C"
"Rebirth","6 B"
"Rebuilding Seattle","5 D"
"Recall","28 D"
"Red Outpost","21 B"
"Red Rising","2 D"
"Red7","BIN"
"Redwood","12 D"
"Reef","10 B"
"Reef Project","4 D"
"Relic","19 A"
"Remember Our Trip","16 C"
"Res Arcana","14 C"
"Resafa","7 A"
"Rescue Polar Bears","5 C"
"Rescuing Robin Hood","6 C"
"Resurgence","6 A"
"Return of the Heroes","12 D"
"Return to Dark Tower","18 C"
"Revive","3 D"
"Rhino Hero Giant Edition","16 A"
"Rhino Hero: Super Battle","16 A"
"Rhymes with Duck","15 D"
"Ride the Rails","11 E"
"Riftforce","26 B"
"Rise of Augustus","2 E"
"Rise of Tribes","4 E"
"Rising 5: Runes of Asteros","6 B"
"Rising Sun (Box 1 of 2)","25 A"
"Rising Sun Daimyo (Box 2 of 2)","25 A"
"Risk 2210 A.D.","19 C"
"Risk: Star Wars Edition","22 B"
"River Dragons","1 A"
"River of Gold","5 B"
"River Valley Glassworks","27 A"
"Roads & Boats","17 D"
"Roam","21 E"
"Robinson Crusoe: Adventures on the Cursed Island","5 C"
"Robo Rally: Crash and Burn","13 E"
"Robot Quest Arena","17 C"
"Rock Hard: 1977","3 C"
"Rocketmen","5 B"
"Rocky Road a la Mode","BIN"
"Rococo: Deluxe Edition","7 E"
"Roll Camera!: The Filmmaking Board Game","13 E"
"Roll for the Galaxy","4 B"
"Roll Player","21 A"
"Roll Player (Base)","21 A"
"Roll Through the Ages: The Bronze Age","13 A"
"Roll to the Top: Journeys","27 A"
"Rolled West","BIN"
"Rollet","Dexterity"
"Rolling America","BIN"
"Rolling Freight","11 E"
"Rolling Heights","2 B"
"Rolling Ranch","13 A"
"Rome in a Day","6 C"
"Romi Rami","BIN"
"Room 25: Escape Room","14 D"
"Root","17 B"
"Root","17 B"
"Rotten Tomatoes: The Card Game","15 D"
"Rowdy Partners","26 D"
"Royal Hospital","28 D"
"Royals","27 D"
"Ruination","22 C"
"Ruins","27 B"
"Rum & Bones: Second Tide","25 A"
"Rumble Nation","16 E"
"Run, Fight, or Die","22 E"
"Rune Stones","3 B"
"Runewars","22 C"
"Rurik: Dawn of Kiev","11 A"
"Rush M.D.","5 A"
"Russian Railroads","9 C"
"Sabika","3 E"
"Saboteur","BIN"
"Sagani","16 E"
"Sagrada","10 B"
"Sail","27 B"
"Sail","BIN"
"Saint Malo","8 B"
"Saint Petersburg","9 A"
"Saltfjord","7 A"
"Salton Sea","6 C"
"Samurai","2 A"
"Samurai Spirit","16 D"
"San Juan","14 E"
"Sanctuary","17 C"
"Sanctum","19 E"
"Sand","6 C"
"Sanssouci","2 E"
"Santa Maria","3 D"
"Santa Monica","5 B"
"Santa's Workshop","20 E"
"Santorini: New York","21 C"
"Santorini: Second Edition","21 C"
"Savannah Park","21 D"
"Savernake Forest","6 C"
"Say Anything","15 C"
"Scarface 1920","19 E"
"Scholars of the South Tigris","9 B"
"Schotten Totten","BIN"
"Schuttel's","16 A"
"Scooby-Doo! The Board Game","19 B"
"Scooby-Doo!: Betrayal at Mystery Mansion","20 C"
"Score Cards","BIN"
"Scotland Yard","17 D"
"Scotland Yard: Sherlock Holmes Edition","24 D"
"SCOUT","BIN"
"Scoville: 2nd Edition","9 E"
"Scythe","25 D"
"Scythe (Big Box)","25 D"
"Sea of Clouds","21 B"
"Sea of Legends","18 D"
"Sea Salt & Paper","BIN"
"Seas of Havoc","22 D"
"Seas of Strife","BIN"
"Seasons","1 D"
"Sellswords","BIN"
"Sentinels of the Multiverse: Definitive Edition","19 B"
"Sequoia","27 B"
"SETI: Search for Extraterrestrial Intelligence","17 B"
"SETI: Search for Extraterrestrial Intelligence","17 B"
"Severton","28 D"
"Shackelton Base","7 A"
"Shadow Kingdoms of Valeria","5 D"
"Shadows over Camelot","1 E"
"Shadows over Camelot: The Card Game","BIN"
"Shallow Sea","12 D"
"Shaolia: Warring States","21 C"
"Shards of Infinity","14 A"
"Shark","11 E"
"Shelfie Stacker","20 B"
"Sheriff of Nottingham: 2nd Edition","24 A"
"Sherlock Holmes Consulting Detective: Jack the Ripper","11 D"
"Sherlock Holmes Consulting Detective: Thames Murders","11 D"
"ShipShape","14 C"
"Shipwreck Arcana","BIN"
"Shipwrights of the North Sea: Redux","9 B"
"Shipyard (2nd Edition)","2 B"
"Shobu","13 B"
"Shogun Big Box","7 B"
"Sid Meier's Civilization: The Board Game","22 B"
"Sidereal Confluence","12 E"
"SILOS","14 B"
"Silver & Gold","13 A"
"Silver & Gold Pyramids","BIN"
"Similo - Jurassic World & The Lord of the Rings","BIN"
"Similo: Board Game","BIN"
"Similo: Fables, History, Myths","BIN"
"Similo: Fantastic Beasts, Harry Potter & Spookies","BIN"
"Skara Brae","9 B"
"Skate Summer","1 B"
"Skip N Whip","Dexterity"
"Skirmish: Battle for Draconia","26 D"
"Skulk Hollow","6 A"
"Skull King","BIN"
"Sky Team","14 C"
"Skybridge","27 E"
"Skymines","3 A"
"Skyrise","2 A"
"Skyrockets: Festivals of Fire","10 C"
"Slambo","27 B"
"Slapshot","21 B"
"Slay the Spire: The Board Game","19 C"
"Sleeping Gods","1 D"
"Sleeping Gods: Distant Skies","1 D"
"Sleuth","16 C"
"Slingshot","Dexterity"
"Small World","1 E"
"Small World Designer Edition","Oversized"
"Small World of Warcraft","1 E"
"Smartphone Inc.","27 D"
"Smarty Party!","15 D"
"Smash Up","18 D"
"Snakesss","15 E"
"Sniper Elite: The Board Game","19 A"
"Snoop","15 D"
"Snowdonia: Deluxe Master Set","1 A"
"So Clover!","15 B"
"Soda Jerk","27 B"
"Sole Mio!","BIN"
"Solenia","4 B"
"Sonora","5 A"
"Sorcerer","14 D"
"Sovereign Skies","16 D"
"Soviet Kitchen Unleashed","BIN"
"Space Alert","12 D"
"Space Base","17 C"
"Space Base: Command Station","17 C"
"Space Hulk: Death Angel - The Card Game","16 C"
"Space Invaders","20 D"
"Space Station Phoenix","3 E"
"Spark Riders 3000","19 C"
"Sparks","5 E"
"Spartacus: A Game of Blood and Treachery","19 C"
"Speakeasy","27 F"
"Specter Ops","22 A"
"Spectral","24 D"
"Spell Smashers","6 D"
"SpellBook","12 B"
"Spies & Lies: A Stratego Story","26 A"
"Spike","4 A"
"Spinball","Dexterity"
"Spinoff","Dexterity"
"Spirit Island","5 C"
"Spit It Out!","15 E"
"Splendor","10 D"
"Splendor Duel","26 C"
"Splendor: Marvel","10 D"
"Spooktacular","6 A"
"Spotlight","16 A"
"Sprawlopolis","BIN"
"Spyfall","24 A"
"Squaring Circleville","6 E"
"Stamp Swap","6 A"
"Star Realms","BIN"
"Star Realms: Deckbuilding Game","21 A"
"Star Trek: Ascendancy","18 E"
"Star Trek: Captain's Chair","26 B"
"Star Trek: Star Realms","16 C"
"Star Wars Rebellion","22 B"
"Star Wars Unlimited: Intro Battle - Hoth","26 C"
"Star Wars Villainous: Power of the Dark Side","20 B"
"Star Wars: Battle of Hoth","22 B"
"Star Wars: Dark Side Rising","20 D"
"Star Wars: Empire vs. Rebellion","BIN"
"Star Wars: Epic Duels Game / Transformers Armada","22 B"
"Star Wars: Imperial Assault","22 B"
"Star Wars: Jabba's Palace - A Love Letter Game","Bin"
"Star Wars: Outer Rim","22 B"
"Star Wars: The Clone Wars","10 A"
"Star Wars: The Deckbuilding Game","26 B"
"Star Wars: The Queen's Gambit","22 B"
"Star Wars: Unlock!","13 D"
"Starcadia Quest","22 A"
"Starcadia Quest: Build-A-Robot","22 A"
"Stardew Valley: The Board Game","20 C"
"Starlink","15 C"
"Starship Captains","2 C"
"Starship Samurai","19 B"
"Startropolis","6 E"
"Station to Station","11 B"
"Stay Cool","15 B"
"Steam Park","23 C"
"Steam Up: A Feast of Dim Sum","7 D"
"Steam: Rails to Riches","11 E"
"Steampunk Rally Fusion","23 A"
"Steamrollers","11 E"
"Stella: Dixit Universe","15 A"
"Stephens","11 E"
"Stephenson's Rocket: Eastern USA & China","4 A"
"Stockpile","2 E"
"Stone Age","8 A"
"Stonespine Architects","24 C"
"Stop Thief!","6 D"
"Storm Raiders","26 E"
"Stranger Things: Upside Down","20 A"
"Strike","16 A"
"String Safari","BIN"
"Stroganov","3 D"
"Struggle of Empires","11 A"
"Stupefy!","15 E"
"Stupor Mundi","27 F"
"Sub Terra","24 C"
"Subastral","BIN"
"Subatomic: An Atom Building Game","14 E"
"Suburbia","3 C"
"Succulent","6 B"
"Summer Camp","20 D"
"Summit: The Board Game","13 C"
"Summoner Wars (Second Edition)","19 D"
"Sunrise City","21 A"
"Sunset Over Water","16 C"
"Super Fantasy Brawl","22 D"
"Super Kawaii Pets","16 C"
"Super Mega Lucky Box","13 A"
"Super Motherload","10 E"
"Super Winner Slider Game","Dexterity"
"Super-Skill Pinball: 4-Cade","13 A"
"Super-Skill Pinball: Ramp it Up!","13 A"
"Surfosaurus MAX","BIN"
"Surreal Cards: The Mega Box","15 A"
"Survival of the Fattest","13 E"
"Survive: Escape from Atlantis!","10 E"
"Sushi Go Party!","13 B"
"Sushi Roll","13 B"
"Suspects","13 C"
"Suspend","Dexterity"
"Sweet Lands","28 E"
"Sweet Mess: Pastry Competition","7 D"
"Switch & Signal","4 A"
"Switchbacks","27 C"
"SwordCrafters","6 B"
"Symphony No.9","14 B"
"T.I.M.E Stories","13 C"
"Tag Team","26 C"
"Taj Mahal","2 A"
"Take Time","28 B"
"Takenoko","Oversized"
"Tales of the Arabian Nights","12 C"
"Tales of the Arthurian Knights","24 E"
"Tally Ho!","26 A"
"Tammany Hall","1 B"
"Tannhauser","22 E"
"Tapestry","2 D"
"Tapple","15 C"
"Targi","26 A"
"Tash-Kalar: Arena of Legends","6 D"
"Tawantinsuyu: The Inca Empire","4 D"
"Taxi Derby","14 E"
"Tea Garden","5 D"
"Tea Witches","1 C"
"Tearable Quest","27 B"
"Teenage Mutant Ninja Turtles","25 B"
"Tekhenu: Obelisk of the Sun","4 D"
"Telestrations: 12 Player Party Pack","15 C"
"TEN","16 C"
"Tenby","16 C"
"Tend","28 D"
"Tenpenny Parks","23 C"
"Teotihuacan: City of Gods","4 D"
"Terra Mystica","9 E"
"Terracotta Army","4 D"
"Terraforming Mars (Big Box)","7 D"
"Terraforming Mars: Ares Expedition","24 C"
"Terraforming Mars: The Dice Game","24 C"
"Terramara","9 E"
"Terrified","20 A"
"Terror Below","19 B"
"Terrorscape","22 D"
"Tesseract","24 D"
"Thanos Rising: Avengers Infinity War","20 D"
"That's a Question!","15 C"
"That's Pretty Clever! (Ganz Chon Clever)","13 A"
"The 7th Continent: Classic Edition","18 B"
"The A.R.T. Project","12 B"
"The Adventurers: The Temple of Chac","19 D"
"The Adventures of Conan","20 E"
"The Adventures of Robin Hood","25 B"
"The Age of Atlantis","12 E"
"The Anarchy","9 B"
"The Ancient World","1 D"
"The Artemis Project","9 E"
"The Battle at Kemble's Cascade","9 D"
"The Battle of Five Armies","22 E"
"The Battle of the Divas","26 C"
"The Battle of Versailles","26 A"
"The Big Score","4 E"
"The Bloody inn","13 C"
"The Boldest","2 C"
"The Captain Is Dead","20 D"
"The Castles of Burgundy","8 A"
"The Castles of Burgundy: Special Edition","19 D"
"The Castles of Burgundy: The Card Game","16 C"
"The Castles of Tuscany","8 A"
"The Chameleon","24 A"
"The City","16 E"
"The Colonists","8 A"
"The Crew: Mission Deep Sea","BIN"
"The Crew: The Quest for Planet Nine","BIN"
"The Downfall of Pompeii","12 C"
"The Duke","21 B"
"The Dwarf King","24 C"
"The Estates","14 B"
"The Faceless","17 D"
"The Four Doors","16 E"
"The Fox Experiment","1 B"
"The Gallerist","7 E"
"The Game","BIN"
"The Game of 49","10 D"
"The Game: Face to Face","BIN"
"The Gang","24 C"
"The Godfather","25 C"
"The Golden Ticket Game","20 D"
"The Goonies: Never Say Die","20 D"
"The Grand Carnival","23 C"
"The Great Split","2 E"
"The Great Wall","18 A"
"The Grimm Forest","18 A"
"The Grizzled: Armistice Edition","16 E"
"The Guild of Merchant Explorers","2 B"
"The Guilded Realms","Hot C"
"The Hobbit: There and Back Again","27 E"
"The Isle of Cats (Big Box)","1 C"
"The Isle of Cats Duel","26 B"
"The Key: Murder at the Oakdale Club","13 C"
"The Key: Sabotage at Lucky Llama Land","13 C"
"The King's Guild","9 C"
"The Last Kingdom Board Game","18 A"
"The Last Spell: The Board Game","28 D"
"The Legend of Drizzt (D&D)","25 C"
"The LOOP","23 E"
"The Lord of the Rings - The Fellowship of the Ring: Trick-Taking Game","27 B"
"The Lord of the Rings: Duel for Middle-earth","13 B"
"The Lord of the Rings: Fate of the Fellowship","10 A"
"The Lord of the Rings: Journeys in Middle-Earth","22 E"
"The Lost Code","24 D"
"The Lost Expedition","16 C"
"The Magnificent","9 D"
"The Mandalorian: Adventures","22 B"
"The Manhattan Project","8 B"
"The Manhattan Project: Energy Empire","8 B"
"The Mind","BIN"
"The Mind Extreme","BIN"
"The Networks","24 E"
"The Networks Prime Time","27 A"
"The Night Cage","20 D"
"The Number","BIN"
"The Old King's Crown","28 A"
"The Others","25 E"
"The Palace of Mad King Ludwig","3 C"
"The Palaces of Carrara","9 A"
"The Peak Team","28 C"
"The Pillars of the Earth","23 C"
"The Princes of Florence","2 A"
"The Princess Bride Adventure Book Game","20 E"
"The Prodigals Club","8 E"
"The Pursuit of Happiness","6 A"
"The Quacks of Quedlinburg","4 B"
"The Quest for El Dorado","4 C"
"The Quest for El Dorado: The Golden Temples","4 C"
"The Reckoners","18 C"
"The Red Cathedral","6 C"
"The Red Dragon Inn","22 D"
"The Resistance","24 A"
"The Rise and Fall of Anvalor","19 C"
"The River","1 E"
"The Rose King","26 A"
"The Same Game","15 B"
"The Seals of Cthulhu","14 A"
"The Search for Lost Species","24 D"
"The Search for Planet X","24 D"
"The Search for UAPs","24 D"
"The Seven Seals","BIN"
"The Siege of Runedar","18 B"
"The Smurfs: Hidden Village","20 E"
"The Specialists","2 D"
"The Spill","23 B"
"The Spirits of the Wild: Awakening","26 C"
"The String Railway Collection","26 B"
"The Stuff of Legend","25 C"
"The Taverns of Tiefenthal","4 B"
"The Thing: The Board Game","25 B"
"The Vale of Eternity","24 B"
"The Voyages of Marco Polo","8 E"
"The Voynich Puzzle","28 D"
"The Whatnot Cabinet","21 C"
"The White Castle","6 C"
"The White Castle Duel","26 C"
"The Witcher: The Old World","17 E"
"Thebai","4 C"
"Thebes","3 B"
"Thesauros","28 C"
"Thiefdom","28 D"
"Things in Rings","27 B"
"This Game Is KILLER","BIN"
"This Game is Killer: Frozen Horror","28 B"
"This War of Mine: The Board Game","19 D"
"Three Sisters","13 A"
"Threetale","26 E"
"Through the Ages: A New Story of Civilization","12 B"
"Through the Desert","27 A"
"Thunder & Lightning","26 A"
"Thunder Alley","23 A"
"Thunder Road: Vendetta","19 D"
"Thunder Rolls","23 A"
"Thunderstone Quest","25 E"
"Thurn and Taxis","17 A"
"Tianxia","4 D"
"Tichu","BIN"
"Ticket to Ride","11 C"
"Ticket to Ride","11 C"
"Ticket to Ride Map Collection: Volume 1 Team Asia & Legendary Asia","11 C"
"Ticket to Ride Map Collection: Volume 2 India & Switzerland","11 C"
"Ticket to Ride Map Collection: Volume 3 The Heart of Africa","11 C"
"Ticket to Ride Map Collection: Volume 4 Nederland","11 C"
"Ticket to Ride Map Collection: Volume 5 United Kingdom & Pennsylvania","11 C"
"Ticket to Ride Map Collection: Volume 6 France & Old West","11 C"
"Ticket to Ride Map Collection: Volume 7 Japan & Italy","11 C"
"Ticket to Ride Map Collection: Volume 8 Iberia & South Korea","11 C"
"Ticket to Ride: 10th Anniversary","7 B"
"Ticket to Ride: Amsterdam","11 C"
"Ticket To Ride: Berlin","11 C"
"Ticket to Ride: Europe","11 C"
"Ticket to Ride: Europe 15th Anniversary","7 B"
"Ticket to Ride: London","11 C"
"Ticket to Ride: Marklin","11 C"
"Ticket to Ride: New York","11 C"
"Ticket to Ride: Nordic Countries","11 C"
"Ticket to Ride: Northern Lights","11 C"
"Ticket to Ride: Poland","11 C"
"Ticket to Ride: Rails & Sails","11 C"
"Tidal Blades: Banner Festival","6 E"
"Tidal Blades: Heroes of the Reef","17 E"
"Tides of Madness","26 B"
"Tides of Time","26 B"
"Tigris & Euphrates","2 A"
"Tikal","2 A"
"Tiletum","4 D"
"Time Arena","21 A"
"TIME Stories Revolution: The Hadal Project","13 C"
"Time's Up!","15 D"
"Time's Up! Family Edition","15 D"
"Time's Up! Title Recall!","15 E"
"Timeline Challenge","15 D"
"Tiny Epic Dinosaurs","16 B"
"Tiny Epic Galaxies","16 B"
"Tiny Epic Galaxies (Giant)","21 A"
"Tiny Epic Quest","16 B"
"Tiny Epic Zombies","16 B"
"Tiny Towns","2 B"
"Tir Na Nog","14 A"
"Tiwanaku","24 D"
"Tobago","1 B"
"Tokaido","6 E"
"Tokaido Duo","26 B"
"Tokyo Highway Rainbow City","16 A"
"Too Many Bones","19 E"
"Torchlit","27 C"
"Torres","2 A"
"Tower of Madness","12 B"
"Tower Up","4 E"
"Townsfolk Tussle","19 E"
"Toy Battle","26 B"
"Toy Story: Obstacles & Adventures","20 E"
"Trailblazer: The John Muir Trail","1 B"
"Trailblazers","21 C"
"TRAILS","16 E"
"Trajan","8 A"
"Trans Europa & Trans Amerika","12 B"
"Transgalactica","3 E"
"Transmissions","5 A"
"Trash Pandas","16 D"
"Treasure Hunter","3 B"
"Treasure Island","1 A"
"Trekking the World: Second Edition","5 A"
"Trekking Through History","5 A"
"Trial of the Temples","9 E"
"Tribes of the Wind","6 B"
"Trickerion: Legends of Illusion","17 A"
"Tricks & Treats","BIN"
"Tricky Kids","Kids"
"Trio","BIN"
"Tropicalia","28 C"
"Troyes","8 D"
"Truffle Shuffle","16 C"
"Tsuro","10 D"
"Tumblin-Dice","17 D"
"Turing Machine","24 D"
"Turn the Tide","BIN"
"Tussie Mussie","BIN"
"Twice as Clever! (Doppelt So Clever)","13 A"
"Twilight Imperium: Fourth Edition","18 E"
"Twilight Inscription","17 B"
"Twilight Struggle","11 D"
"Twinkle Twinkle","27 A"
"Two Rooms and a Boom","BIN"
"Tybor the Builder","BIN"
"Tycoon: India 1981","11 A"
"Tyrants of the Underdark","19 C"
"TZAAR","21 D"
"Tzolk'in: The Mayan Calendar","4 D"
"Ubongo","21 E"
"Ubongo Extreme: Fun-Size Edition","16 C"
"Uchronia","21 B"
"Ultimate Warriorz","25 B"
"Um Reifenbreite","23 B"
"Unconscious Mind","17 C"
"Undaunted Normandy","11 A"
"Undaunted North Africa","11 A"
"Undaunted: Battle of Britain","11 A"
"Underwater Cities","12 A"
"Unfair","23 C"
"Unfathomable","22 A"
"Unforgiven: The Lincoln Assassination Trial","24 B"
"Unicorn Fever","23 A"
"Union Stockyards","8 E"
"Unlock!: Epic Adventures","13 D"
"Unlock!: Escape Adventures","13 D"
"Unlock!: Exotic Adventures","13 D"
"Unlock!: Extraordinary Adventures","13 D"
"Unlock!: Game Adventures","13 D"
"Unlock!: Heroic Adventures","13 D"
"Unlock!: Legendary Adventures","13 D"
"Unlock!: Mystery Adventures","13 D"
"Unlock!: Mythic Adventures","13 D"
"Unlock!: Secret Adventures","13 D"
"Unlock!: Supernatural Adventures","13 D"
"Unlock!: Timeless Adventures","13 D"
"Unmatched Adventures: Ninja Turtles","27 F"
"Unmatched Adventures: Tales to Amaze","19 B"
"Unmatched: Battle of Legends, Volume Three","19 B"
"Unmatched: Cobble & Fog, Houdini Vs The Genie, Little Red vs Beowolf, & Buffy The Vampire Slayer","19 B"
"Unmatched: For King and Country & Teen Spirit","19 B"
"Unmatched: Jurassic Park - Dr. Sattler vs. T. Rex & Ingen Vs Raptors","19 B"
"Unmatched: Redemption Row & Hell's Kitchen","19 B"
"Unmatched: Robin Hood vs Big Foot & Battle of Legends 1&2","19 B"
"Unmatched: Slings and Arrows, Sun's Origin, and Brains and Brawn","19 B"
"Unmatched: The Witcher & Steel and Silver","19 B"
"Unsettled","24 E"
"Up or Down?","BIN"
"Usagyuuun!!! Coup","BIN"
"Vaalbara","BIN"
"Vabanque","14 B"
"Vagrantsong","13 E"
"Valheim","26 E"
"Valley of the Kings","4 C"
"Vantage","28 D"
"Vast: The Crystal Caverns","17 B"
"Vegas Showdown","6 B"
"Vegas Strip","27 C"
"Vegetable Stock","BIN"
"Vegetable Stock: Board Game Edition","BIN"
"Veggie Garden","16 B"
"Veiled Fate","23 E"
"Vengeance","19 D"
"Vengeance: Roll & Fight - Episode 1","6 A"
"Verdant","21 E"
"Verflixxt!","12 B"
"Via Nebula","2 D"
"Vicious Fishes","21 A"
"Video Game Champion","27 D"
"Vikings Gone Wild","4 C"
"Villa Paletti","16 A"
"Village","3 D"
"Village Attacks","18 A"
"Village Rails","16 E"
"Villagers","14 A"
"Villages of Valeria","16 B"
"Vindication","26 E"
"Vinhos","7 E"
"Viral","27 D"
"Viscounts of the West Kingdom","9 B"
"Viticulture","2 D"
"Viticulture Essential Edition","2 D"
"Viva Catrina","28 A"
"VivaJava: The Coffee Game: The Dice Game","14 C"
"Voices in My Head","14 D"
"Voidfall","18 E"
"VOLT","23 C"
"Votes for Women","11 D"
"Wacky Races: The Board Game","23 A"
"Waddle","27 C"
"Waddle Waddle","27 E"
"Walking in Burano","16 D"
"Wallenstein","7 B"
"Walls of York","5 E"
"Wandering Galaxy: A Crossroads Game","19 A"
"Wandering Towers","10 C"
"War Chest","21 D"
"War of the Ring","22 E"
"War of the Ring: The Card Game","22 E"
"War Story: Occupied France","27 E"
"Wasteland Express Delivery Service","25 C"
"Waterfall Park","12 E"
"Watergate","26 A"
"Wavelength","15 B"
"Way of the Panda","2 E"
"Wayfarers of the South Tigris","9 B"
"Wayfinders","14 C"
"Weather Machine","7 E"
"Welcome Back to the Dungeon","BIN"
"Welcome to Centerville","9 C"
"Welcome to Dino World","13 A"
"Welcome to Everdell","17 A"
"Welcome to the Dungeon","BIN"
"Welcome to the Moon","13 A"
"Welcome To...","13 A"
"Werewords","BIN"
"Western Empires","11 D"
"Western Legends","25 B"
"When I Dream","15 A"
"Whistle Mountain","1 E"
"Whistle Stop","1 E"
"Whitehall Mystery","14 E"
"Wild Gardens","6 A"
"Wild Tiled West","7 D"
"Wild: Serengeti","1 B"
"Wildlands","19 A"
"Windmill Valley","4 D"
"Wine Cellar","16 B"
"Wings of Glory: Battle of Britain","11 B"
"Wingspan","1 C"
"Wishland","23 C"
"Wispwood","27 E"
"Witchstone","5 E"
"Witness","24 D"
"Wiz-War (Eighth Edition)","23 D"
"Wok and Roll: The Korean Wave","13 A"
"Wok Star","16 E"
"Wonderland's War","18 A"
"Wondrous Creatures","17 C"
"Woodcraft","12 A"
"Word on the Street","15 C"
"Word Slam","15 E"
"Word Slam Family","15 E"
"Wordsy","27 C"
"World of Warcraft: Wrath of the Lich King","10 A"
"World Wonders","6 D"
"World's Fair 1893","8 B"
"Worldspanner Factions, Set 1: Heroes (Box 1 of 2)","19 A"
"Worldspanner Factions, Set 2: Expanses (Box 2 of 2)","19 A"
"Wormholes","24 C"
"Wrath of Fire Mountain","24 C"
"Wreck Raiders","9 E"
"Wroth","28 D"
"Wyatt Earp","21 B"
"Wyrmspan","1 C"
"Xanadu","BIN"
"XCOM: The Board Game","22 D"
"Xenoshyft","25 C"
"Xi'an","2 C"
"Xia: Legends of a Drift System","18 E"
"Yamatai","1 E"
"Yellow & Yangtze","2 A"
"YINSH","21 D"
"Yokohama","9 A"
"Yotei","28 B"
"Yspahan","9 E"
"Yubibo","16 A"
"Yukon Airways","2 E"
"Zendo","21 B"
"Zenith","26 C"
"Zero to 100","BIN"
"Zombicide: 2nd Edition","25 E"
"Zombicide: Black Plague","25 E"
"Zombicide: Gear Up","24 B"
"Zoo Break","10 E"
"Zoo Vadis","6 A"
"Zooloretto","2 E"