Publisher,Is working with BGA?,Available,NON available,Published!
Publisher	Is working with BGA?	Available	NON available	Published!,YES,,,
# Hashtag 64,YES,ARDEVUR: The Game of Resources (5.2),,
&Eacute;ditions 12H12,YES,,,Forfort (9.0)
&iquest;Qui&eacute;n quiere ser presidente?,YES,&iquest;Qui&eacute;n quiere ser presidente? (7.5),,
(Self-Published),YES,"Crash Tackle Rugby Board Game (7.7), Philosophia (6.7), I Am Death Now? (6.1), Heroes of the Shire (7.8), Pack the Essentials (6.6), Iro (7.5), Welcome to Sysifus Corp (7.6), The Coding (7.7), Shrinkopolis (7.2), Warring Kingdom (7.4), Layer Puzzle (7.1), Clear the Decks! (6.6), Pentagame (6.9), Mainland (6.9), STASH Card Game (8.4), Merkez (8.2), Mons And Mages (7.4), Omen (9.2), Catopomp (7.5), Trouble on the Tempus (8.7), Battle of GOG (6.8), Nataterra (8.7), Miyav! (7.8), Benediction (7.6), Journey Into The Beyond (8.2), Six Empires (9.2), Noir (7.4), Triomph (6.7), Biostrife (6.4), Cats' Warfare (9.3), American Pandemic: The Party Card Game (5.7), Toll House (9.4), Veil Of Ruin (9.7), Janken Deck (7.2), Tape l'&eacute;tape (7.1), Urto (7.0), Thalamus (6.5), 2020: The Board Game (10.0), RAMO (8.0), Base Roll (7.6), CovidParty! (9.8), Captains &amp; Companies (9.5), Scruffy's Treasure Hunt (10.0), The Square Ring (9.3), Cupcake Rush! (9.2), New Sicilian Tarot (9.0), Two Degrees (7.5), Quatuor (7.3), Panic Mode! (6.7), Gridlock: Boston (6.0), Cornered (5.8), Grammar Girl's Peeve Wars (4.0), Prison: Can you escape? (10.0), Competing Cat Castles (10.0), Treasure 'N Mutiny! (10.0), Men of the Sword (9.5), K&oacute;dem TCG (8.5), OOF-DAH! COMPLETE (8.5), Unique Units (8.0), OAKO (8.0), &iexcl;A Cachinear! (8.0), Ruthless Conquest (7.0), King's Keys deck (3.5), Warlords of Ravenna (10.0), Cờ ngũ h&agrave;nh (10.0), Going Further: Multiplayer edition (10.0), Growers and Showers (10.0), Big Time Hockey (10.0), Blocks (10.0), I Quit! (10.0), Empire: TCG (10.0), Sheep Shuffle (10.0), Stock Trader: The Stock Market Board Game (10.0), The Selenolyth (10.0), Survival Chess: Tartan Grid (10.0), Archivarium (10.0), Enneatrix (10.0), Heralds of Silence (10.0), Bluff King (10.0), Warriors of Legend (9.0), Vak! (9.0), Tides of War (9.0), Diddly (9.0), Math Kings (8.0), Rabbit vs Bondsman (8.0), Counter Chaos (8.0), Petits Complots entre Amis (7.0), Sprout (6.9), Air Master (6.0), 假说演绎法 (The selfish gene) (5.0), The Game of Gates (0.0), Пять Слов (Five Words) (0.0), Thieves' Dilemma (0.0), King's Eye (0.0), Splinter (0.0), The Black Tail's Panda Slayer (0.0), Digital Transformation Card Game (0.0), Witch Hunt 1649: The Dregs of Days (0.0), King of Spicey (0.0), March of the Wicked Horde (0.0), Autocracy (0.0), Power City Arena (0.0), Master Of Innuendo (0.0), Plan de table (0.0), Prout (0.0), DeFuZion: Wild Dice (0.0)",Trashdown (0.0),"Don't Let It Die (6.9), Neutreeko (5.5), First Ascent (7.5), The Jelly Monster Lab (4.5), Marram (4.2), Indian Chief (6.7), Bauer (8.0), Vege Tables (6.8), Wana (7.4), Mind Cycling (9.0), Call of Katulhu (7.0), Seriously!? (6.8), The Rainbow (7.5), None Shall Pass! (5.9), Block Arena (8.3), Inverted Dice (7.0), Love Links (5.7), Quintus (10.0), Roll Into Town (8.3), TriATri (8.0), SPYBAM (10.0), Meidum (10.0), Koninkrijk (Kingdoms) (9.0), Caboodle (7.0), Factum (0.0), Wastelandia: A Co-op RPG Battle Game (0.0), Diceathlon (0.0), Oracle BABET (0.0), Colour Scapes (0.0), Elongo (0.0)"
(Unknown),YES,,,"Herooj (5.3), Commander Chess (9.4), Raubbau (0.0)"
(Unpublished),YES,"Politica Mexicana (4.4), Rise to Glory (10.0), Foibles (10.0), Cochechs (10.0), Cubix (9.0), Blue Moon (7.5), 3 &amp; 4: The Game (0.0)",,"Unpublished Prototype (6.9), Yin Yang (5.2), Quattuor Reges (0.0)"
(Web published),YES,"Rollway Station (7.2), Grimm World (7.5), Euronimoes (7.7), Agony Aunt (7.1), Ardent Reapers (8.1), Rook &amp; Ruin (8.7), Magical Square (7.0), Winter Diceathlon (4.5), Creekos: The Card Game (8.3), Buddha (9.0), Pocket Innovation (7.9), Bias Effect: A game of cognitive combat (10.0), Nexus Syndicate (8.4), Addio (7.3), Quint (7.5), Seven Kingdoms (10.0), Craftin' Race (6.5), Big Time Curling (0.0), Majesty Adventure (0.0), Nine Men's Morris Evolution (0.0), Ping-pong (0.0), Zombies At Home (0.0), Solitri (0.0), I.I.T.A.P.: It is the Apocalypse, People! (0.0), Yandere Girlfriends: Imouto, Osananajimi, Senpai (0.0)",,"Hex (6.7), Blooms (6.7), The Brambles: A Solo Card Game (7.9), Ice Cold Ice Hockey (5.0), ECK: A solo trick-taking card game (7.3), All In: A Flip&amp;Write Showdown (7.5), Trike (7.9), Vidrasso (7.7), Tumbleweed (9.2), Dice Pyramid (7.3), Deck EXPRESS: Southern Railway (7.0), Lifeline (7.8), Squirrel Island (7.7), Rolling Pins (6.8), Road to 300 (6.4), Injawara (4.2), Lielow (9.0), Blast Radius (7.5), Churn (5.7), Deck EXPRESS: Tennessee Central (9.0), Carpniches (7.0)"
-Public Domain-,YES,"Memory (4.8), Napoleon (6.5)",,"Chess (7.1), Go (7.6), Liar's Dice (6.9), Yahtzee (5.4), Backgammon (6.5), Cribbage (7.1), Checkers (4.9), Othello (6.1), Mahjong (7.0), Kalah (5.9), Hearts (6.5), Spades (6.8), Xiangqi (7.1), Oh Hell! (6.8), Scopa (6.6), Senet (5.8), Go-Moku (6.0), Koi-Koi (6.6), All Fours / Pitch (6.8), Belote (6.6), Klaverjassen (7.0), Logger (5.9), Machiavelli (5.5), Four color cards / See Sek (4.9), Congkak (6.9), The Amusing Game of Kilkenny Cats (6.0)"
1-2-3-Games &Eacute;ditions,YES,Crazymino (7.0),,
14games,YES,Snow Planner (7.6),,
18Wood,YES,18RoyalGorge (7.2),,
25th Century Games,YES,,,Kōhaku (7.6)
2D6.EE (Side Quest Games),YES,Arabella (5.4),,
2F-Spiele,YES,,Power Grid (7.8),
2Tomatoes,YES,"Coral (6.6), Through Ice &amp; Snow (7.5), Gold Nugget (7.0), The Lord of the P.I.G.S. (5.8), Boule Rouge (6.7)",,
404 on board,YES,"Night Flight (Vol de nuit) (7.3), OSIRIUM (6.0)",,
636GAMES,YES,Discipline ～ジェレミア魔法学校の3年間～ (6.0),,
999 Games,YES,The Brain (7.0),,
9th Level Games,YES,,,Schr&ouml;dinger's Cats (5.7)
A-games (Board Game),YES,,,Grund (7.3)
AaAa Studios,YES,Square &amp; Compass (9.9),,The itty bitty card game (10.0)
ABACUSSPIELE,YES,"Charly (5.8), Fringers (4.8)",Stop (4.8),"Cacao (7.1), Lines of Action (7.1)"
Absolute Ascendancy,YES,Black Metro (7.0),,
Absolute Dominion LLC,YES,Reign of Nations (6.6),,
Achbor Games,YES,Mathul8 (10.0),,
Act in games,YES,"Globe Twister (6.1), 10 Dice (6.4), Revelations (6.4), Feelinks (Second Edition) (6.9)",,
"Ad Magic, Inc.",YES,,,Remember When ... (6.1)
Adam Walker Studio,YES,Reign Absolute (8.1),,
"Adam`s Apple Games, LLC",YES,,,Thrive (7.0)
Adoleta Jogos,YES,"Fora de Ordem (7.9), Ach&ocirc;! (8.4)",,"Sausage Sizzle! (6.6), Batalha dos Cookies (10.0)"
Aethermon Studios,YES,Aethermon: Collect (6.6),,
Agie Games,YES,Hasp (6.4),,
Agrypelago Games,YES,,,Diced Tomatoes (5.0)
AlcyonCreative,YES,Xerxes (6.3),,
Alderac Entertainment Group,YES,Tiny Towns (7.2),Smash Up (6.7),"Automobiles (7.3), Dog Lover (6.9)"
alea,YES,,"Ra (7.5), Taj Mahal (7.3), Macao (7.4)",The Castles of Burgundy (8.1)
Alion dash by Dr Oslash,YES,Sparks (7.1),,
All Or None Games,YES,"Betwixt and Between (7.2), Cat Packs (7.4), Hidden Ark (6.9), Goons (7.5)",,
Alley Cat Games,YES,"Welcome to Dino World (6.7), Ruthless (7.0), Pocket Pharma (6.4)",,"Dice Hospital (7.2), Chocolate Factory (7.2), Cat Caf&eacute; (6.6)"
Allplay,YES,"Factory Funner (7.1), Twinkle Twinkle (7.1), Waddle (7.0)",,"Habitats (7.4), Lunar (7.2), Lure (5.7), River Valley Glassworks (7.1), Roll to the Top: Journeys (8.3)"
AllumetteS créations,YES,Pi&egrave;ces Mont&eacute;eS (6.0),,
Amagames,YES,,,
AMIGO Spiel - Freizeit GmbH,YES,Saboteur: The Duel (6.0),"Medici (7.2), Loot (6.3), Texas Showdown (7.2)","Bohnanza (7.0), Saboteur (6.6), 6 nimmt! (6.9), No Thanks! (7.1), Wizard (6.9), Elfenland (6.7), Wizard Extreme (Sluff Off!) (6.9), Rage (6.2), Piraten kapern (6.3), Solo (5.3)"
Amo Oy,YES,,,
Amphora Games,YES,Pentaurus: Duel (6.9),,Pandemain: Traditional Farmers' Bread (7.4)
Ankama,YES,,,Draftosaurus (7.2)
APE Games,YES,"Petrichor (6.9), Spirits of the Rice Paddy (6.7), Rolling Freight (6.8), The Great Dinosaur Rush (7.0), Island Siege (6.7)",,
Arcane Wonders,YES,"Air, Land &amp; Sea (7.4)",,"Onitama (7.4), Senshi (6.3)"
Arclight,NO,,Parade (7.0),
Ares Games,YES,,,Altay: Dawn of Civilization (7.0)
Argyx Games,YES,Imalya (0.0),,"A Fistful of Gold (5.1), Orbitalia (0.0)"
ARIES Studios,YES,,,Tehavi (0.0)
Around the Stump Games LLC,YES,"Outrun the Bear (6.8), Button Kingdoms (7.5)",,
Art of Games,YES,boxes (6.0),,
Asmadi Games,YES,"Fealty (6.7), Equinox (6.5)",,"Innovation (7.3), Red7 (6.9), Penny Press (6.5)"
Asmodee,YES,The Legend of the Wendigo (5.9),"Citadels (7.1), Formula D (7.0)",Chromino (5.8)
Asobition (アソビション),YES,エルタイルズ (L-tiles) (6.4),,
ASS Altenburger Spielkarten,YES,,Schotten Totten (7.3),
Astro &Eacute;ditions,YES,,,OASIS New Hope (0.0)
Asylum Games,YES,,,Polis: Fight for the Hegemony (7.6)
Atalia,YES,,,
ATM Gaming,YES,Pili Pili (6.9),,
Azahar Juegos,YES,,,Xanad&uacute; (6.5)
AzaoGames,YES,Ultrium Sphere: T&euml;ra-n&euml;va Sphere (6.9),,
"B&amp;amp;amp;eacute;zier Games, Inc.",YES,"Castles of Mad King Ludwig (7.5), Silver (7.0), The Game Makers (7.0)",,
B.A. Games,YES,Cult of the Deep (6.7),,
B4UDW3RK5,YES,Hackers (8.0),,
Baccum Inc,YES,Generalship: from the 4th century B.C. to the 19th century (6.1),,
Bad Luck Games,YES,Monsters Club (8.0),,
Bad Taste Games,YES,,,Guildes (6.1)
Badgers from Mars,YES,,Regicide Legacy (8.1),Regicide (7.4)
Bambus Spieleverlag,YES,,"Hey, That's My Fish! (6.7)",Gurami: das Spiel (4.3)
Bankiiiz Editions,YES,Dino Twist (6.3),,Yōkai (6.8)
Barn Made Games,YES,,,"Expressions (7.5), Effortless: Prepping for Adventure (7.7)"
Baron Jon Games,YES,Best Candy on the Block: Rewrapped (6.2),,
Barrel Aged Games,YES,Fortify (7.6),,
Beaverlicious,YES,Rotation Rumble (8.9),,
Bedsit Games,YES,Paupers' Ladder (7.8),,
Belltower Games,YES,The Acts of the Evangelists (7.1),,
Betula,YES,Le Grand Voyage (7.0),,
BFF Games,YES,,,Hidden Leaders (6.8)
BGERA games,YES,Gorgasali Battle Royale (6.9),,Megalomania Card Game (7.0)
BGN,YES,Reboot (7.1),,
Bigger Worlds Games,YES,,,"Cosmos: Empires (7.0), Star Chart (9.0)"
Bink Ink LLC,YES,,,Twin Palms (10.0)
Birdlight Games,YES,,,Monkey (7.0)
Birdwood Games,YES,,,"Dog Park (7.2), Forever Home (7.3)"
Bison Games Inc,YES,Ottonian Empire: The Struggle of Medieval Dynasties (9.5),,
Bitewing Games,YES,,,"Trailblazers (7.5), Bebop (7.3), Azure (9.3)"
Bitnik Games,YES,,,Bulbous (10.0)
Biyigames,YES,,,Biyi (4.9)
Black Box Adventures,YES,,,"Frutti di Mare: Veni, Vidi, Antipasti! (6.4)"
Black Locust Games,YES,Regnum Angelica (6.6),,
Blackrock Games,YES,Blackrock City (5.3),Jarnac (6.7),
BlackSea Interactive,YES,Imnia (7.7),,
BLAM !,YES,Imagician (6.7),,"Celestia (7.0), Chakra (7.0), Moonshine (6.4), Ptit Pois (6.0), Chouineurs (6.4)"
Blauberry,YES,SecuenzooS (6.6),,
Bloom Games (Korean),YES,,,Cradle to Grave (6.7)
Blue Box Game Designs,YES,Onikuma (9.5),,
Blue Cocker Games,YES,"Meeple War (6.5), Medieval Academy (6.9)",Welcome To... (7.6),
Blue Donut Games,YES,Horror in the Library (6.9),,
Blue Fox Games,YES,,,"Of Knights and Ninjas (7.9), GrumbleStone (6.3)"
Blue Orange (EU),YES,,,"Gyges (6.6), Cloud City (7.1), Lost Seas (7.3)"
Blue Orange Games,YES,,,Battle Sheep (6.6)
Blue Panther,YES,Dead Things: The Zombie Boardgame (Third Edition) (6.0),,
Blue Wasatch Games,YES,"Bamboozled (5.8), Clash of the Cards (6.5), Rank Card Game (6.1), Ripple (6.5), Plate It Up (6.9)",,
Bluencore,YES,,,Biomes of Nilgiris (8.3)
Board and Dice,YES,"Tekhenu: Obelisk of the Sun (7.7), Tawantinsuyu: The Inca Empire (7.4), Yedo: Deluxe Master Set (7.9)",,Teotihuacan: City of Gods (7.9)
Board Campers,YES,The Way to My Heart (0.0),,
Board Game Circus,YES,Wild Cards (6.3),,Fika (6.2)
Board Game Hub,YES,,,"Tranquility (7.0), Rift Valley Reserve (9.0)"
BOARD TO DEATH,YES,Neon Knights: 2086 (6.4),,
BoardGameDesign.com,YES,Acquisitions (8.0),,
BoardGameTables.com,YES,,,"On Tour (7.0), Mountain Goats (6.8)"
BoardM Factory,YES,,,"Sherlock 13 (6.4), HUND (6.8)"
boardova,YES,Арідник (Aridnyk) (8.5),,
Bombshell Games,YES,Techno Bowl: Arcade Football Unplugged (8.5),,
Bombyx,YES,,Conspiracy: Abyss Universe (7.4),Abyss (7.3)
Bonka Games,YES,,,Cuantos Tacos (7.6)
Borderline Editions,YES,,,"Apex (8.2), Egocentric World (6.6)"
Bored Life Games,YES,It Takes A Thief (0.0),,
Br&auml;ndi,NO,,DOG (6.4),
Brain Games,YES,"Game of Trains (6.4), Karakum (6.9), Deductio (6.7)",,
Breaking Games,YES,"Rise of Tribes (7.1), The Game of 49 (6.3), Asking for Trobils (7.0), Expancity (6.9), The King's Abbey (6.9), Sparkle*Kitty (6.3), Boomtown Bandits (6.4), Pocket Dungeon Quest (5.7), Can't Catch Harry (5.2), Circular Reasoning: The Well of Power (6.5), Convert (6.7), Game of Phones (5.2), MoonQuake Escape (6.4), Master Thief (6.3), 4 the Birds (5.8), The Stars Align (7.0), Sparkle*Kitty Nights (7.3), Aura (6.4), Keep Calm (5.2), Stripes (6.6), Order of Invention (6.3)","Joking Hazard (6.4), Pairs (6.3), We're Doomed! (6.6), Billionaire Banshee (6.3), The Amberden Affair (5.7), Infamous: The Pirate Wars (7.7), Meeple Mountain (6.0)","Letter Tycoon (6.8), Trellis (6.1)"
Brettco Inc.,YES,Push Fight (7.3),,
Bridge City Game Collective,YES,Brand New Zoo (8.6),,
Brookspun Games,YES,Legacies (7.0),,
Brother Ming Games,YES,Re;ACT: The Arts of War (8.3),,
Brotherwise Games,YES,Unearth (6.8),,
BSGames,YES,,,Sinoda (9.0)
Button Shy,NO,,,
Button Shy,NO,,,
Cacaw Games LLC,YES,Election: A Game of Secret States (10.0),,
Calliope Games,NO,,Tsuro (6.7),
Capstone Games,YES,"Iberian Gauge (7.3), Three Kingdoms Redux (7.8), Catherine: The Cities of the Tsarina (6.6), Age of Rail: South Africa (7.7), Meltwater: A Game of Tactical Starvation (7.1), Fire &amp; Stone: Siege of Vienna 1683 (7.3), Rowdy Partners (7.1)",,"Pipeline (7.6), Wandering Towers (7.4), Irish Gauge (7.2), Ride the Rails (7.1), Pondscape (7.3), Up or Down? (6.4)"
CardsLab,YES,,,Zookeepers (8.1)
Catalyst Game Labs,YES,,,Paikō (7.2)
Catan GmbH,YES,,Catan (7.1),
Catch Up Games,YES,"The LOOP (7.7), Wild Space (7.1), Pharaon (7.4), Gatsby (6.7)",,"CuBirds (7.0), Sapiens (6.4), Red Notice: Le million ou la prison (7.4), Faraway (7.7), Mind Up! (7.7), Sobek: 2 Players (10.0)"
Cation Arts,YES,Conqueror: Final Conquest (8.2),,
Ch&egrave;vre Edition,YES,,,Drones VS Go&eacute;lands (7.3)
Chara Games,YES,3 Seeds: Reap Where You Sow (5.8),,
Charper Edge LLC,YES,War of Beasts (6.4),,
Cheeky Parrot Games,YES,,,Flaming Pyramids (5.4)
Cherry Picked Games,YES,Hair of the Dog (6.0),,
Chip Theory Games,YES,,,20 Strong (7.4)
Circle J Games,YES,,,"Quiltable: The Card Game (7.3), Falconry (7.5)"
Circoctel,YES,"The Little Prince: Make Me a Planet (6.9), Make Make (7.2)",,
City Hare Studio,YES,"Stack-a-Cash (8.0), Collateral Checkers (7.0), Stracciatella (7.0)",,Custodian Dice (7.0)
Cloudfall Interactive Studios,YES,Captain's Gambit: Kings of Infinite Space (8.1),,
CMON Global Limited,YES,,,Ethnos (7.5)
CMYK,YES,,,Daybreak (7.3)
Cocktail Games,YES,,,Hanabi (7.1)
Cogs Team,YES,Cogs in a Machine (5.8),,
Collective Adventure,YES,BUDIZZ (6.4),,15 Jours en France (8.0)
Columbia Games,YES,Julius Caesar (7.8),,
Compound Eye Fox Studio,YES,,,Maatatahay (7.9)
Convivial Games,YES,Feuds &amp; Favors (8.5),,
Cordilheira Games,YES,Aristofarsa (8.2),,
Cosmic Garage,YES,Highway 375 (8.0),,Professor Ravenwood's Time Machine (8.0)
Cosmodrome Games,YES,,,Aquatica (7.4)
Cosmoludo,YES,,,"Kamon (6.6), Hokito (7.0), Yoxii (7.7)"
Crafty Games,YES,,Dollars to Donuts (7.0),
Cranio Creations,YES,Echoes of Time (7.3),,"Lorenzo il Magnifico (7.9), Newton (7.6), Rats of Wistar (7.6), Lorenzo il Magnifico &ndash; The Card Game (7.2), 13 Leaves (6.8), Bower (7.0), My Shelfie: The Dice Game (6.9)"
Cray Cray Games,YES,Find It &amp; Bind It (7.8),,
CrossCut Games,YES,Sudds &amp; Malone (7.9),,
Cryptozoic Entertainment,YES,,,MOD X (7.0)
Crystal Tower Games,YES,Six Shooter (4.7),,
Ctrl Z&amp;egrave;bre,YES,Alchimix (7.5),,
Cutlass Boardgames,YES,,,Castles of Caleira (6.1)
Cwali,YES,"Caracas (6.7), Beasty Borders (6.2)",,"Roll to the Top! (6.8), Summy (6.4), Exhibition: 20th Century (7.3)"
Czech Games Edition,YES,"Dungeon Lords (7.3), Adrenaline (7.0), Sneaks &amp; Snitches (6.3)","Codenames (7.6), Galaxy Trucker (7.4), Under Falling Skies (7.6), Letter Jam (7.3)","Tzolk'in: The Mayan Calendar (7.9), Through the Ages: A New Story of Civilization (8.4), Alchemists (7.6), Through the Ages: A Story of Civilization (7.9), Dungeon Petz (7.5), Tash-Kalar: Arena of Legends (7.2), Lost Ruins of Arnak (8.2), Tash-Kalar: Arena of Legends &ndash; Everfrost (7.8), Tash-Kalar: Arena of Legends &ndash; Nethervoid (8.0), Tash-Kalar: Arena of Legends &ndash; Etherweave (8.2)"
Da&iuml;mon Play,YES,,,Good Fortune (7.6)
Dagoy,YES,LEXIO (6.8),,
Dal Tenda,YES,Dragon's Path (7.3),,
Dangerous Games O&Uuml;,YES,Siberian Manhunt (8.3),,
Dann Kriss Games,YES,"Tavern Masters (6.8), Cthulhu: The Great Old One &ndash; Deluxe Edition (5.9), Sixpence Bakery (6.1)",,
Darucat,YES,,,Charuma (7.8)
Days of Wonder,YES,,,Memoir '44 (7.6)
Decking Awesome Games,YES,,,Dice Summoners (5.7)
"Deep Thought Games, LLC",YES,18EU (7.5),,
Deer Games Studio,YES,,,Bag &amp; Snatch: Backyard Brawl (8.0)
DeguArts,YES,"Sunflower Seeds (0.0), Acorn Thief (0.0)",,
Devir,YES,,,"Cities (7.4), Winter (6.9)"
Devonian Interactions,YES,MonstaTama (8.2),,
Dijon Jogos,YES,,,Persona non Grata (7.5)
Dilettante,YES,,,Kmakici Family's Greatest Teatime (0.0)
Dionysos Games,YES,"Flanx (6.2), Lunatic (6.2)",,
Distant Rabbit Games,YES,,,Mantis Falls (8.1)
Disto studio,YES,Ephios (6.9),,
dlp games,YES,Joan of Arc: Orl&eacute;ans Draw &amp; Write (7.2),,
Do it games,YES,,,"Ghost at Home (6.5), EKONOS (Second Edition) (8.6)"
Do or Dice Games,YES,Fungeon (0.0),,
Don &amp;amp; Co.,YES,YINSH (7.7),,
Don't Panic Games,YES,"Cowboy Bebop: Space Serenade (7.3), Naruto: Ninja Arena (6.1), Luminis (6.9), Heroes of Fairy Tail (6.5), La Traque (8.2), The Last Doge (7.6), M&eacute;dium (7.0), DC Batman: Streets of Gotham City (6.4), &Agrave; la lettre (6.3)",,"Above (6.7), Spyworld (5.0)"
Donoho Games,YES,,,Robots Ate Our Pizza (9.0)
Doomsday Robots,YES,Bridges to Nowhere 2nd Edition (8.0),,
Doris &amp;amp; Frank,YES,,,M&uuml; &amp; More (7.2)
Double A Productions,YES,,,Play Nine (6.5)
Double Combo Games,YES,,,Dozito (0.0)
Dr. Finn's Games,YES,School of Sorcery (6.5),,"The Little Flower Shop (6.7), Nanga Parbat (6.9)"
Dranda Games,YES,"Pioneer Rails (7.1), Solar Sphere (7.1)",,"Solar Storm (7.2), Isle of Trains: All Aboard (7.2)"
Dumpster Fire Games,YES,Dumpster Fire (7.4),,
dV Giochi,YES,"Frantic (6.4), Koi (7.6), Rumblebots (6.7)",,"BANG! (6.5), Bonsai (7.3), 13 Clues (6.7)"
DVC Games,YES,"Typeset (7.5), Inkwell (8.6)",,"Scream Park (7.7), Pacts (8.5)"
Eagle-Gryphon Games,YES,What's My Word? (7.1),,"For Sale (7.2), Incan Gold (6.8), Railways of the World (7.7), Fleet (6.9), I'm the Boss! (6.8), Bazaar (6.5), Mercado de Lisboa (6.9), BuyWord (6.3), Samarkand (6.5), Can't Stop Express (6.2), Morocco (6.7), The Mother Road: Route 66 (7.0)"
Edge Entertainment,YES,,Lord of the Rings: The Confrontation (7.5),
Edicarton,YES,,,Evo (5.4)
Edition Spielwiese,YES,,,"Nova Luna (7.4), Framework (7.2)"
Editorial SJS,YES,Cocktail (8.3),,
eggertspiele,NO,,"Great Western Trail (8.3), Yedo (7.4)",
El Drag&oacute;n Azul,YES,,,Geek Out! Masters (6.9)
Elf Creek Games,YES,Honey Buzz (7.5),,
EmperorS4,YES,,,Hanamikoji (7.5)
Entre 2 chaises,YES,,,Faux Raccords (6.9)
Entrejeux,YES,,,Dr&ocirc;les de Z&egrave;bres (6.3)
Envelopes of Cash LLC,YES,,,Envelopes of Cash (7.1)
Envy Born Games,YES,,,"Sirens (7.8), Confusing Lands (7.8)"
Esper.Games,YES,The Queen's New Capital (6.2),,
Eurydice Games,YES,Zombology (6.7),,
Evan and Josh&amp;#039;s Very Special Games Company,YES,,Abducktion (7.0),
Everything Epic Games,YES,Secrets of the Lost Tomb (7.3),,
Exequor Studios,YES,,,Con Sonar! (3.5)
Explor8,YES,,,"Big Monster (7.3), Pirates Under Fire (7.0)"
Fabricapion,YES,,,Divercit&eacute; (7.7)
Facade Games,YES,"Salem 1692 (7.1), Deadwood 1876 (6.6), Trophies (6.7)",,"Tortuga 1667 (6.9), Bristol 1350 (6.9)"
Fantasy Flight Games,NO,,Samurai (7.5),
Farallon Games,YES,,,Trickster Gods (9.3)
Featherstone Games,YES,Winterhaven Woods (6.7),,
Fentasy Games,YES,BRICOLAGE HEADS (7.4),,Yinzi: Ming (8.8)
Ferti,YES,Diam (6.2),,"Taluva (7.2), Siam (6.7), Takara Island (5.8), Sense&iuml; (6.5)"
Feuerland Spiele,YES,,,"Terra Mystica (8.1), Glass Road (7.4), Fields of Arle (8.0)"
Fibonacci,YES,,,Grand Bazaar (3.4)
Filosofia &Eacute;ditions,NO,,,
Fireside Games,YES,"Bears! (5.7), Here, Kitty, Kitty! (6.2), Dastardly Dirigibles (6.4), Please Don't Burn My Village! (6.9), Grackles (6.2)",,My First Castle Panic (6.8)
Firestarter Games,YES,,,Reforest: Plants of the Pacific Northwest Coast (7.9)
Fisher Heaton Games,YES,Gartenbau (7.1),,
Five24 Labs,YES,,Mint Works (7.0),
Flatlined Games,YES,,,"SteamRollers (6.7), Hoarders (5.6)"
Flatout Games,YES,Verdant (7.3),,
Flavor Faction Studio,YES,ORIGINZ: The Superpowered Card Game (7.7),,
Floodgate Games,NO,"Bosk (6.8), Vault Wars (6.7), Legacy: Gears of Time (6.9), Epic Resort (6.4), 3 Laws of Robotics (6.2)","Sagrada (7.5), King of Clubs (5.6)",
"Flying Buffalo, Inc. (FBI)",YES,,,Nuclear War (6.2)
Flying Carpet Games,YES,Orchards: The Card Game (4.5),,Kraken Up (7.0)
Flying Meeple,NO,,,
Forlorn Hope Games,YES,Have At Thee (5.6),,
Formal Ferret Games,YES,"The Networks (7.1), High Rise (7.2), The Rival Networks (6.7)",,
Forsaken Games,YES,Forsaken Forest (6.6),,
Four Suit Studio,YES,,,River Rats (7.4)
Fourtato Games Inc.,YES,Chicken Heist (6.8),,
Fowers Games,YES,Burgle Bros 2: The Casino Capers (7.3),,"Burgle Bros. (7.5), Hardback (7.3), Now Boarding (7.0)"
Fox Troll Games,YES,,,Pook (0.0)
FoxMind,YES,"Six (6.3), Last Mouse Lost (5.2)",,Kulami (7.0)
Fractal Juegos,YES,Under the Leaves (7.8),,Alakablast (6.7)
FracturedPawn,YES,The Graveyard Shift (6.0),,
Frances Games,YES,,,Empire Plateau: The Lateral Thinking Tactical Strategy Wargame (7.5)
franjos Spieleverlag,YES,Glastonbury (6.5),,Cinco (5.7)
Fried Potatoes Games,YES,Ants &amp;amp; Crumbles: War at the Picnic Table (9.5),,
Friendly Bee Game Company,YES,,,TacTile (9.3)
Frosted Games,YES,Cooper Island (7.6),,Watergate (7.9)
FryxGames,NO,,Terraforming Mars (8.4),
Fun Financial Games,YES,Trade War: Pacific Front (0.0),,
Fun Plus Games,YES,Ribbons (4.0),,
Funagain,YES,,,Blockers! (6.7)
Fundex,YES,,,
Funforge,YES,"Tokaido Duo (7.4), Namiji (7.1)",,"Quantum (7.3), Tapas (5.5)"
Funko Games,YES,Yacht Rock (5.6),,
GaGa Games,YES,"Steel Arena: Friday Night Robot Fight (6.7), Goblin Dice (5.7), The Cookie 2.0 (6.1)",,Stick to Colours (6.1)
Gam&amp;#039;inBIZ,YES,Rollecate (6.2),,
Gam&amp;#039;inBIZ,YES,,,Quibbles (8.0)
Game Brewer,NO,,,
Game Nowa,YES,"ツクル10テン(Tsukuru Ten Ten) (5.4), コプラス (KoPlus) (6.6)",,"モンスターヘクス (Monster Hex) (7.3), サバンナテン(Savanna Ten) (0.0), カニナリエビ (Kani nari Ebi) (0.0)"
Game Salute,NO,,,
GameHead,YES,No Loose Ends (7.6),,
Gameland 游戏大陆,YES,,,
Gamelyn Games,YES,,,
GameWorks S&agrave;RL,YES,,,"Jaipur (7.5), Sobek (6.7)"
Gamewright,YES,,,"Forbidden Island (6.8), Sushi Go Party! (7.4), Dragonwood (6.6), Go Nuts for Donuts (6.5), Abandon All Artichokes (6.7), Super Mega Lucky Box (7.3), Shifting Stones (7.0)"
Garphill Games,YES,"Paladins of the West Kingdom (8.0), Wayfarers of the South Tigris (7.8), Circadians: First Light (7.5), Skara Brae (7.6), Spirited (6.3)",Raiders of the North Sea (7.8),"Architects of the West Kingdom (7.8), Hadrian's Wall (8.1)"
GAT Game Studio,YES,Show Me Your Sound (6.7),,
Geek Attitude Games,YES,"Bruxelles 1897 (7.1), Bruxelles 1893: Belle &Eacute;poque (7.9), Taverna (6.2), Not Alone: Sanctuary (7.5)",,Not Alone (7.0)
Geeks N&amp;amp;#039; Orcs,YES,Piratas! (6.6),,Piratas! (3&ordf; Edi&ccedil;&atilde;o) (7.7)
Gen42 Games,YES,,,"Hive (7.3), Tatsu (6.7)"
Genevieve Dupuis Design,YES,,,Quadrata Canada (7.7)
Gigamic,YES,"Hellapagos (6.6), Cosmic Factory (6.8), Verso (5.8), Kontour (6.4), Mission Calaveras (5.9)",,"Quoridor (6.7), Quarto (6.9), Marrakech (6.7), Pylos (6.3), Panic Lab (6.1), Wazabi (5.9), Quetzal (6.8), Tea Time (5.9), Papayoo (6.1), Kabaleo (5.3), Squadro (6.5), Quantik (5.9)"
Giochi Uniti,YES,Kingsburg (Third Edition) (7.2),,
Glyptodon,YES,,,"Quest Inc. (8.5), Asteria (10.0)"
GMT Games,YES,1846: The Race for the Midwest (7.9),"Dominant Species (7.8), Battle Line (7.4)","Space Empires: 4X (7.7), Unconditional Surrender! World War 2 in Europe (8.2), Bayonets &amp; Tomahawks (8.1), A Gest of Robin Hood (8.3)"
Go On Board,YES,,,TEKKEN: The Board Game (8.1)
Goat Wolf &amp;amp; Cabbage,YES,,Secret Hitler (7.6),
Goblin Box Games,YES,Cursed Goblins (6.3),,
Goblivion Games,YES,,,GOLDblivion (8.2)
Good Game Studio,YES,"Dungeon Duel (7.3), Throne of the World (6.9), Monster Busters (6.5)",,Small Farmer (6.8)
Good Games Publishing,YES,Land vs Sea (7.1),,
Goshen Hill Games,YES,Dwarven Dice (7.0),,
Gotha Games,YES,Expo 1906 (6.8),,
Grail Games,YES,,,
Grammes Edition,YES,Clash of Deck: Starter Kit (6.3),,
Grand Gamers Guild,YES,Endeavor: Deep Sea (8.2),,T&iacute;r na n&Oacute;g (7.4)
Gravitation Games,YES,,,Please Fix the Teleporter (6.3)
Green Business Owner,YES,GBO Hawai'i (0.0),,
Grey Fox Games,YES,Ragnarocks (7.0),,Champions of Midgard (7.7)
Grimoire Games,YES,,,Wizards of the Grimoire (8.4)
Grod Games LLC.,YES,Estate: Raise the Realm (8.4),,
Grok Games,YES,"Quartz: O Jogo de Cartas (7.3), Pipoca (8.1), This is Mine (7.4), The Good, the Bad and the Goat (7.0)",,"Monster Trick (6.7), Dobro (7.5), &Agrave;iy&eacute; (7.4), Stonks (7.5), アナフラ騎士ＳＨＯＣＫ！ (Knights With Poison) (7.1), Quartz: O Jogo de Dados (7.3), Qu4to (10.0)"
Grow Giant Games,YES,Rogues to Riches (8.3),,
GRRRE Games,YES,,,Nidavellir (7.7)
Grubfellow Games,YES,,,Pond (10.0)
Guntower Games,YES,Pandora Celeste (8.1),,
H-Town Games,YES,Beetle to the Bubble (7.2),,
Haas Games,YES,Zoocracy (6.4),,
Hall Games,YES,The Oracle of Delphi (7.3),,
Hamboardi,YES,Build &amp; Blast (10.0),,
Hangom Games,YES,Creed (7.3),,
Hans im Gluck Verlags-GmbH,YES,"First Class: All Aboard the Orient Express! (7.4), Duel for Cardia (7.5), Pantheon (6.7), Lift Off (7.1), Russian Railroads: American Railroads (8.0), Planet B (7.2), Race to the New Found Land (6.8)","Modern Art (7.4), Goa (7.6), Bruges (7.4), Amun-Re (7.3), Vikings (7.2), Finca (7.1), Attika (7.0), Majesty: For the Realm (7.0), Egizia (7.4), Hacienda (6.9), Oregon (6.8), Medina (7.0), Fjords (6.7), The Hanging Gardens (6.8), The Staufer Dynasty (7.2), Royal Palace (6.9), Helios (6.8), Maori (6.6), Valletta (7.0), Santa Cruz (6.7)","Tigris &amp; Euphrates (7.7), El Grande (7.7), The Voyages of Marco Polo (7.8), Thurn and Taxis (7.1), Russian Railroads (7.8), Saint Petersburg (7.3), Carcassonne: Hunters and Gatherers (7.1), Hadara (7.4), Manhattan (6.7), Marco Polo II: In the Service of the Khan (8.1), The Palaces of Carrara (7.2), Russian Railroads: German Railroads (8.2)"
Happy Baobab,YES,,,
Haumea Games,YES,,,Eternitium (8.0)
Heel Turn Games,YES,Radiant: Offline Battle Arena (7.7),,
HeidelB&amp;Auml;R Games,YES,Spicy (7.2),,Blaze (6.3)
Helvetia Games,YES,"Helvetia Cup (6.6), Unita (5.3)",,
Helvetiq,YES,"Omerta (7.1), Kompromat (7.1)",,"Bandido (6.5), Misty (6.2), Odin (7.0), Tucano (7.0), Yaxha (7.0), Ninjan (5.9)"
Hemisphere Games,YES,Karmaka (6.5),,
Hen House Games,YES,Ugly Christmas Sweaters (7.0),,
HEY! (ヘイ!),YES,,,"マッチ売りの大富豪 (Matchstick Tycoon) (6.4), Seven Knights Bewitched (8.0)"
Hobby Japan,YES,Master of Respect (7.1),,"Cat in the Box: Deluxe Edition (7.6), Rumble Nation (7.5)"
Hollandspiele,YES,"The Field of the Cloth of Gold (7.1), Dual Gauge (7.1)",,For-Ex (6.4)
Holy Grail Games,YES,,Dominations: Road to Civilization (7.3),Rallyman: GT (7.3)
HomoLudicus,YES,Kalua (5.6),,
Homosapiens Lab,YES,"Electropolis (7.3), Dice Fishing: Roll and Catch (6.5)",,
Honest Quarks Games,YES,Earth Gambit: Light (5.9),,
Horrible Games,YES,"Unicorn Fever (7.0), Vampire: The Masquerade &ndash; Vendetta (7.2)",,"Potion Explosion (7.1), Railroad Ink: Deep Blue Edition (7.3), Dragon Castle (7.2), Railroad Ink: Blazing Red Edition (7.2), Railroad Ink Challenge: Lush Green Edition (7.8)"
HOUF Games,YES,Nice to Know!: Animals (8.8),,
How To Steam Broccoli,YES,Tether (7.1),,
HUCH!,YES,,,Carnac (7.0)
HungryRobot,YES,Strain (5.5),,
Hurrican,YES,,Rise of Augustus (6.7),"Mr. Jack (7.0), Mr. Jack Pocket (6.8), Via Magica (6.8)"
HutChu Enterprises LLC,YES,Plunderbund (6.8),,
Ibis Tea,YES,Hover (9.0),,
ICE Makes,YES,"Age of Galaxy (7.6), Successor (6.0)",,"Age of Civilization (7.1), Skirmish: Battle for Draconia (0.0)"
IDW Games,YES,,,
IELLO,YES,"Heroes of Normandie (7.4), The Dwarf King (6.6), Pi&ntilde;a Coladice (6.8), Popcorn (7.0)",For the King (and Me) (7.4),"King of Tokyo (7.2), Bunny Kingdom (7.5), Break the Code (7.2), Little Factory (6.6)"
Igiari,YES,,,Templari (5.8)
Igrology,YES,Шахматы Хаоса (6.8),,
Image Games,YES,Ko-An (6.7),,
Immortal Gaming,YES,Immortality (6.7),,
iN&amp;amp;#039;sanity Games,YES,"Animator vs Animation (8.8), Monsters Party: Voodoo Madness (5.7)",,
IncrediQuest Games,YES,,,Classified Information (8.7)
Indie Boards and Cards,NO,,"The Resistance (7.3), Kokoro: Avenue of the Kodama (6.8)",
inPatience,YES,,,Sfynx (7.3)
Inside the Box Board Games LLP (ITB),YES,,Space Worm (6.6),
InterHuman,YES,Within Walls (6.9),,Propuh (7.3)
Invisible City Productions,YES,The Island of Doctor Necreaux: Second Edition (6.0),,
Invisible Temple Games,YES,Ghost Gate Chronicles: Part One &ndash; The Divide (0.0),,
Ion Game Design,YES,,,Pax Renaissance: 2nd Edition (8.5)
Islima Games,YES,Belaad: The Land of Swords and Quills (7.6),,
Japon Brand,YES,,Machi Koro (6.6),
Jayzee Games,YES,Chroma Mix (7.2),,
Jealous Cat Games,YES,Carroll County Cake Swap (7.8),,
Jeebsy Games,YES,Business As Usual (9.0),,
Jelly Games,YES,Color Dash (0.0),,
Jelly Jelly Games,YES,"2nd Best! (6.5), Dinky Dungeon (0.0)",,
Jellybean Games,YES,,,"Village Pillage (7.3), The Lady and the Tiger (6.6)"
Jeux Opla,YES,Pollen (5.7),,"Apocalypse au Zoo de Carson City (5.9), La Marche du Crabe (7.3), La Glace et le Ciel (6.6), Il &eacute;tait une for&ecirc;t (5.0), Pom Pom (6.1)"
Jolly Dutch Productions,YES,,,Herrlof (6.9)
Jolly Thinkers,YES,"Deception: Murder in Hong Kong (7.4), Cheese Thief (7.0), Bye-Bye Black Sheep (6.5)",,Pick-a-Dog (6.1)
JOODINI Editions,YES,,,SAHWARI (7.6)
JOYPIE,YES,Tang Hu Lu (冰糖葫芦) (5.4),,
JS Spiele,YES,Crop Rotation (8.0),,
Juegos Misi,YES,SOS Gal&aacute;pagos (8.2),,
Juicy Games,YES,Legends Odyssey (8.3),,
Jumping High Five Games,YES,My First Dragon Adventure (7.5),,"Noah's Animal Rescue (7.6), Baby Dinosaur Rescue (10.0)"
Kadon Enterprises,YES,,,Proteus (6.8)
Kaissa Chess &amp;amp; Games,YES,,,Tulip &amp; Rose (8.8)
Kanare_Abstract,YES,,,Meridians (8.8)
Karma Games,YES,,,Clans of Caledonia (8.0)
Keen Bean Studio,YES,"Roll Camera!: The Filmmaking Board Game (7.4), Itchy Feet: The Travel Game (6.6), Almighty (7.6)",,
Keepers of Fun,YES,Enlightened (9.8),,
Keith Burgun Games,YES,,,Dragon Bridge (7.6)
KEJI Inc,YES,Draconis Invasion (7.1),,
Keymaster Games,YES,,,"PARKS (7.8), PARKS: Nightfall Expansion (8.2)"
Kharitago Games Inc.,YES,GoCaine (7.6),,
Kheo Games,YES,,,Go Goa (8.4)
Kids Table BG,YES,"Fossilis (7.0), Wreck Raiders (7.3), Maple Valley (7.4), Power Plants (7.1), Caf&eacute; Baras (7.3), Maki Master (7.2), Haunt the House (6.7), Seashells (0.0)",,"Creature Comforts (7.5), Diced Veggies (7.2)"
Kind Fortress,YES,,,Seikatsu (7.1)
Kinson Key Games,YES,Galactic Cruise (8.4),,
Knizia Games,YES,,"Pickomino (6.6), Potato Man (6.9)","Tobago (7.1), Niagara (6.5)"
Kobold Press,YES,Necromancer (6.8),,
Koenig Kreations,YES,,,"Vault: A Solitaire Dice Game (7.1), Flip Freighters (7.4)"
"Korea Boardgames co., Ltd.",YES,,,"Coffee Rush (7.2), Four Gardens (7.0), Fruit Picking (6.5)"
KOSMOS,YES,"Ubongo (6.7), The Gang (7.6)","Ingenious (7.1), Through the Desert (7.1)","The Crew: The Quest for Planet Nine (8.0), Targi (7.6), Imhotep (7.2), Kahuna (6.6), My City (7.8), Amazonas (6.3), My City: Roll &amp; Build (7.3)"
Kvellix LLC,YES,NUTSO (7.7),,
KYF Edition,YES,,,Miams (7.2)
L'Impens&eacute; Radical,YES,,,Djambi (6.7)
La Bo&icirc;te de Jeu,YES,Moonlight: The Land of the Wolves (6.2),,
La Estanteria de Juegos,YES,El Amo del Calabozo (8.1),,
La Vaca del Tablero,YES,,,Batalla de Coronas (8.2)
Lab 380,YES,Dogs With Jobs (8.3),,
Laboludic,YES,Deep River (6.1),,
Lacerta,YES,Ostium (7.1),,
Lafair Family Games,YES,,,Mapmaker: The Gerrymandering Game (6.8)
Lavka Games,YES,,,
Le Fou,YES,Picky Eaters (6.7),,
Le Lion Vert,YES,,,Scriptorium (7.0)
Le Scorpion Masqu&eacute;,YES,,,Decrypto (7.8)
Learn Bridge Online,YES,,,Trickarus (7.4)
Leder Games,YES,Fort (7.1),,Ahoy (7.3)
LeGroup Engineering LLC,YES,King H&ugrave;ng Era (7.8),,
Lenge Gerle,YES,Afrikaland (6.3),,
Les &Eacute;ditions Smash,YES,Hellbringer (8.8),,
Les Jeux du Lac,YES,Les 4 Vallees (6.5),,
Les XII Singes,YES,,,
Level 99 Games,YES,"Bullet&hearts;︎ (7.6), Pixel Tactics (6.8), BattleCON: Devastation of Indines (7.8), Empyreal: Spells &amp; Steam (7.4)",BattleCON: War of Indines (7.7),NOIR: Deductive Mystery Game (6.5)
Libellud,YES,,Dixit (7.2),"Dice Forge (7.3), Lords of Xidit (7.1), Nautilus (6.1)"
Lifestyle Boardgames Ltd,YES,,,Narabi (6.2)
Limite Limite,YES,Limite limite (5.2),,
Lioness Games,YES,,,Biome (7.6)
Lirius Games,YES,Age of Comics: The Golden Years (7.3),,
Little Rocket Games,YES,"Fall (7.3), Crops (7.2), Camelio (6.4), Dream: Dreams and Nightmares (7.6)",,"Hens (7.2), Coney (6.8)"
LittleHouse Boardgames,YES,"Hextremadura (7.0), Pantheon (6.8)",,
Llamascape Games,YES,Don Quixote: The Ingenious Hidalgo (6.8),,
"Lock &amp; Load Publishing, LLC.",YES,Lock 'n Load Tactical: Starter Kit (7.6),,
Logical Fox,YES,"Wild West Tycoon (7.4), Park Ranger (7.0), Everbound (6.0)",,
Lookout Games,YES,Forest Shuffle: Dartmoor (7.6),"Agricola (7.9), Isle of Skye: From Chieftain to King (7.4)","B&auml;renpark (7.4), Mandala (7.5), NEOM (7.3), The Gnomes of Zavandor (6.5), Sir Ocelot's Cave (6.8)"
Looney Labs,YES,World War 5 (6.3),,"Fluxx (5.7), Star Fluxx (6.3), Aquarius (6.1), Just Desserts (5.9), Homeworlds (7.6), Get the MacGuffin (5.8), Martian Chess (6.5)"
Lord of the Chords LLP,YES,Lord of the Chords (6.0),,
Lord Raccoon Games,YES,The Last Bottle of Rum (7.2),,
Lost Games Entertainment Ltd.,YES,Wishland (7.2),,
Lovemore Games,YES,,,"Jewel Box (7.7), Stable Times (7.8)"
Lowen Games,YES,,,Deliverance (8.7)
Lowtek Games LLC,YES,"Miniature Adventures: Adventure 1 &ndash; Goblin Troubles (5.5), Drakaina (0.0)",,"Name The Thing (6.6), The Expedition (6.1)"
Lubee Edition,YES,,,"Cookie Addict (6.2), Belladone Bluff (7.2)"
Lucas Game Studio,YES,Corrida do Ouro (0.0),,
Ludamus Games,YES,We're Sinking! (7.2),,
Ludically,YES,,,
LudiCreations,YES,On the Underground: London/Berlin (7.2),,Gear &amp; Piston (5.7)
Ludofun,YES,,,"Kokeshi (8.6), Pisanki (7.8), Panda Rei (7.6)"
Ludolux,YES,Vampire Nights (6.8),,
Ludonaute,YES,"Discoveries: The Journals of Lewis and Clark (7.0), Space Gate Odyssey (6.9), Star Clicker (6.9)",,"Colt Express (7.1), Lewis &amp; Clark (7.5), Colt Super Express (6.8), CIV: Carta Impera Victoria (6.1), Limit (7.9), Arctic (6.1), Lost Explorers (6.4), Arigatō (5.0)"
Ludonova,YES,Yukon Airways (7.3),,Chandigarh (7.2)
LUDOS,YES,Xấp Sắc (8.0),,
Ludovia Est&uacute;dio,YES,,,Suspei&ccedil;&atilde;o (10.0)
Ludus Magnus Studio,YES,Sherwood Bandits (6.5),,
Lui-m&ecirc;me,YES,"Romans Go Home! (5.9), Shazamm! (6.2), Who is going to do the dishes? (5.7), Zwergen Ziehen (Oh ! Les nains) (5.7)",,"The Werewolves of Miller's Hollow (6.7), Mafia de Cuba (6.5), HMS Dolores (6.1), Boomerang (6.4), Snow Time (6.5)"
Luma World,YES,Lakshadweep (8.0),,
Lumberjacks Studio,YES,,,"Paper World (6.3), KADO (6.7)"
Lumicube,YES,Axiom (6.9),,
MA5 Games,YES,,,
Maclay&amp;#039;s Games,YES,Sea of Nadia (8.4),,
Mad4Fun Games,YES,Cholas (6.1),,
Maestro Games,YES,,,"Voyagers (8.2), Circle Of Life: on the Savannah (0.0)"
Magellan,YES,,,
Magic Bean,YES,Sixteen (6.8),,
Magic Circle Games,YES,Cauldron: Bubble and Boil (7.3),,
Magic Wand Corp.,YES,,,Bridge (7.5)
Main Cards,YES,RoboTroc (6.0),,
Make Big Things,YES,"Good Dog, Bad Zombie (7.3)",,
MaliModi Game Labs,YES,,,Spellcrafter (10.0)
Manawaker Studio,YES,,,Dragon Line (4.1)
Mandoo Games,YES,Castello Methoni (6.7),,"Capybara 'n' Capybara (6.2), The Yellow House (6.0)"
Mark Steere Games,YES,,,"Flume (6.2), Zola (0.0)"
Matagot,YES,"Captain Sonar (7.5), Kemet (7.6), Dice Town (6.9), Kemet: Blood and Sand (7.9)","Cyclades (7.5), Raptor (7.3)","Room 25 (6.7), Expedition: Northwest Passage (7.0), Khronos (6.3), Origin (6.7), Cairn (7.3), Boomerang: Australia (7.0), Okanagan: Valley of the Lakes (6.7), Chu Han (7.2), Orion Duel (8.4), Linx (8.3), Bottle Imp (7.5)"
Matt Leacock Games,YES,,,
Matt Worden Games,YES,,,Jump Gate (6.1)
Mattel,NO,,Blokus (6.9),
Max Gaming Technologies,YES,Dark Horizons Mechanized Corps (9.8),,
Mayfair Games,NO,,Steam (7.6),
Medieval Lords,YES,Sweet Spot (6.9),,
Medium Brow Games,YES,Farms Race (7.5),,
Medusa Games,YES,The Great Fire of London 1666 (6.5),,
Meeple Master,YES,Theme Park Mania (5.6),,
Mega Moth Studios,YES,X: Seekers of Fortune (9.8),,
Megacorpin Games,YES,,,Awkward Guests: The Walton Case (7.6)
Memesys Culture Lab,YES,SHASN (7.4),,
Meridiano 6,YES,Ars Universalis (7.0),,
Meromorph Games,YES,,,The Shipwreck Arcana (7.5)
Messy Table Games,YES,,,Tally Up (0.0)
Microgameo,YES,Dinosauria (6.7),,
Mighty Boards,YES,Hamlet: The Village Building Game (6.8),,
Milda Matilda Games,YES,,,Turncoats (7.4)
Mind Fitness Games,YES,Travelin' (6.8),,"Verona Twist (6.4), Quinque (5.4)"
Mindcastle Games,YES,,,Medu (0.0)
Mindclash Games,YES,"Trickerion: Legends of Illusion (8.0), Cerebria: The Inside World (7.7)",,Anachrony (8.1)
MindSports,YES,,,Las M&eacute;dulas (6.7)
MindWare,YES,,Qwirkle (6.8),
Mine Games,YES,Rising Empires (9.7),,
Minerva Tabletop Games,YES,Crumbs!: The Sandwich Filler Game (7.5),,
Minion Games,YES,,,Nile (6.1)
MiraiX Games,YES,Elven Throne (10.0),,
Mirror Box Games,YES,,,The King's Guild (7.2)
Mitra,YES,,,Zener (5.5)
Mizo Games,YES,"Run Animals, Run! (5.8)",,
MJ Games,YES,,,"Shokoba (5.6), Vizia (6.1)"
MKE Games,YES,Dragons Wild (7.0),,
Moaideas Game Design,YES,"The Flow of History (6.7), Joraku (7.2), Mini Rails (6.9), Mini Express (7.3), Guns &amp; Steel: Renaissance (7.0)","Tulip Bubble (7.1), Etariya: Septachroma (6.6)",Cargo Empire (7.0)
Molinarius Games Ltd,YES,Ocean Pods (6.1),,
MomoLudens,YES,The 4 Elements (8.0),,
Monolith Board Games,YES,Mythic Battles: Pantheon (8.3),,Mythic Battles: Ragnar&ouml;k (8.9)
Moon Crab Games,YES,Leviathan Wilds (7.9),,
Moon Gate Design,YES,,,Panda Spin (7.3)
Moonster Games,YES,,GOSU 2: Tactics (6.9),Koryŏ (6.6)
Moonstone Games,YES,Plotalot (6.8),,
MoreThan6 Tabletop Games,YES,Racing Ogres (6.0),,
"Mothership Game Studios, LLC.",YES,Outer Gods and Interlopers (10.0),,
Motor City Gameworks,YES,,,Tiny Farms (7.0)
MTS Games,YES,Switch ON! (10.0),,
Mugen Gaming,YES,,,Kiri-ai: The Duel (7.4)
Multi-Bit Games,YES,Button Bashers (5.2),,
Multifaces Editions,YES,Midnight Murder Mysteries (Second Edition) (7.9),,
Multivers,YES,La B&ecirc;te (7.4),,
MushrooM Games (II),YES,,,"Small Islands (6.8), Time Masters (6.3)"
Musoka Studio,YES,"Boba Life (5.8), Versailles Request (9.0)",,"CATsle Builders (7.5), Happy Corgi (7.0), Festi'vibes (10.0)"
"Mystic Tiger Games, LLC",YES,Manaforge (7.1),,
Nanox Games,YES,Evenfall (7.6),,
NASTOLA Games,YES,"Nasty Neighbors (6.0), Plums for trash (5.7)",,
Nauvoo Games,YES,"The Reckoners (7.6), Raising Robots (7.7)",,Stockpile (7.5)
Ndemic Creations,YES,Plague Inc.: The Board Game (7.4),,
Nekomado,YES,,,Let's Catch the Lion! (6.7)
Neon Knight Games Information,YES,,,"Neon Reign (7.4), Fight 5 (6.8)"
Nerdlab Games,YES,,,Agent Avenue (7.6)
Nerdura Games,YES,,,Pentaquest (7.1)
Neron Games,YES,Chase (0.0),,Qo (0.0)
nestorgames,YES,"TAIJI (6.4), Pent-Up (7.3), OMEGA (7.1), Topology (6.6), SEVEN (7.3), Line or Colour (7.0), Counterplays (7.3), Foundations (6.9), Stack-22 (7.4), TAILITS (7.5), Hari (6.2)",,"Battle of LITS (6.0), Murus Gallicus (7.2), Isaac (6.3), Linkage (6.6), Coffee (7.0), Mammalath (5.7), Cairo Corridor (7.0), Nibble (7.0)"
Neva Wargames,YES,,,Iwo Jima: Hell On Earth (8.0)
New Mill Industries,YES,,,"Dickory (7.5), Greasy Spoon (6.3), Lepidoptery (7.2)"
Newqz Culture,YES,Crow Drinks Water (0.0),,
Ngũ H&agrave;nh Games,YES,,,"Hội Phố (5.5), Hội Phố (Second Edition) (6.9)"
Nice Games,YES,"microMob (6.2), Zeal (7.0), Wig Masters (7.9), Zodiax (7.0)",,
Ninja Star Games,YES,,,Yokai Septet (7.2)
Ninth Haven Games,YES,,,DinoGenics (7.6)
"No Limit Games, Inc.",YES,Death of Liberty (0.0),,
Nobitama Group,YES,MonSnatch: Trading Sticker Game (10.0),,
Nomich Games,YES,ExeCUTEtion (6.5),,
Noris Spiele,YES,,,"Nine Men's Morris (5.4), Buttons (5.7)"
North Star Games,YES,"Evolution: Climate (7.4), Oceans (7.4), Say Anything (6.7), Inheritors (7.0)",,"Evolution (7.1), Paint the Roses (7.6), Nature (7.6)"
Nostromo &Eacute;ditions,YES,Drako: Aetherya Pocket (6.6),,
NovBee Production,YES,,,Aniversus (10.0)
nPips Games,YES,Furmation of Rome (6.4),,
NSKN Games,YES,Progress: Evolution of Technology (6.5),,
NSMOP,YES,Ninjazas (10.0),,
Numpty Games,YES,Numpty (6.1),,
Nurnberger-Spielkarten-Verlag,YES,,"The Mind (6.9), Qwixx (6.9), The Game (6.7), Stick 'Em (7.0), The Game: Face to Face (7.1)","Qwinto (7.0), Knister (6.3), Splitter (6.5)"
Obscure Reference Games,YES,Overlords of Infamy (7.1),,
Octopodi Games,YES,Titanomachina (10.0),,
Odd Bird Games,YES,Feudum (7.6),,"Fled (6.9), Flockers (9.0)"
Off the Page Games,YES,,,Mind MGMT: The Psychic Espionage &quot;Game.&quot; (7.9)
Ogah Game Designs,YES,,,NIN (7.9)
OGS,YES,Fish and Ships (7.3),,
Oink Games,YES,,"Deep Sea Adventure (7.0), SCOUT (7.8)",
OK Ediciones,YES,,,Mutant Crops (7.1)
"Ok2Win, LLC",NO,,DOOM ON YOU (6.1),
Oka luda Editions,YES,,,Kami (6.1)
OKAZU Brand,YES,,,"Trick of the Rails (6.6), Exhaust (6.1)"
Old Hen Games,YES,,,Dice Mission (6.9)
Olemains games,YES,,,Visions (6.9)
One Day West Games,YES,"Monster Highway (7.6), Maize Craze (7.9)",,"Sheep Boom Bah (5.6), Canosa (5.9)"
Oni Games (I),NO,,Gudetama: The Tricky Egg Card Game (6.9),
Onyx Tales Editions,YES,Road to the Bunker (0.0),,
Origame,YES,"Plantopia: The Card Game (6.7), Wok and Roll (7.1), Wok and Roll: The Korean Wave (7.8), Rainforest City (7.2)",,
Ornament Games,YES,Stars of Ilume&iuml;a (8.8),,
Outland Entertainment,YES,Siege Command (8.4),,
Paisley Board Games,YES,Planecrafters (6.7),,
Palladis Games,YES,,,Biotopes (8.2)
Pandasaurus Games,YES,"Dinosaur Island (7.5), Brew (7.0), Dinosaur World (7.3), Hacienda (6.1)",,"The Wolves (7.5), That Time You Killed Me (7.7), Finca (7.5), Aurum (7.2), Nacho Pile (5.4), Beasts (7.1), Tricky Kids (7.1), Unrest (6.8)"
Paodle Games,YES,Space Dinos (7.1),,
Paper Boat Games,YES,Snapshot: Wildlife Photographer (7.2),,
Paper Fort Games,YES,,,Cosmoctopus (7.3)
Paper Plane Games,YES,,,Fairy Trails (6.5)
Paragon Studios MB,YES,Soulbound (10.0),,
Parallel Games,YES,,,City of the Big Shoulders (7.9)
Paverson Games,YES,,,Distilled (7.9)
Paws42,YES,Adana the Earth Dragon: A game of Friendship and Flowers (0.0),,
PD-Verlag,YES,Concordia (8.1),,
Pearl Games,YES,"Black Angel (7.2), Solenia (7.0)",,"Troyes (7.8), The Bloody Inn (7.1), Deus (7.3), Ginkgopolis (7.5), Tournay (7.0), Troyes Dice (7.2)"
Peekwik Dreams,YES,,,Ynaros Fallin' (7.9)
Pegasus Spiele,NO,,,
Perihelion Games,YES,Periorbis (6.5),,
Permagrin Quality Games,YES,Crowns &amp; Cutthroats (6.3),,
Perro Loko Games,YES,,,"Tholos (7.9), Sunrise Sunset (7.9)"
Petersen Games,YES,Evil High Priest (7.0),,
Pi&ntilde;ata Games,YES,Un mont&oacute;n de ropa sucia (8.7),,
Piatnik,YES,,,Rainbow (7.9)
Pick &amp;#039;N&amp;#039; Roll Games Lab,YES,Audience (7.0),,
PIECEMOSA games,YES,미션: 모자이크 (Mission: Mosaic) (7.9),,
PIF GAMES,YES,Campeones: Oliver y Benji &ndash; El juego de cartas (7.0),,Yokai Pagoda (7.6)
Pigeon Games,YES,Broken Planet (7.5),,
Pilgrim Designs,YES,GRES: Desfile (0.0),,
Pine Box Entertainment,YES,7th Sea: City of Five Sails (8.3),,
Piquinim,YES,"Capiv&aacute;rias (7.7), Cobog&oacute; (7.9)",,Malabares (7.8)
Placentia Games,YES,,,Florenza: The Card Game (6.8)
Plan B Games,NO,,"Azul (7.8), Century: Spice Road (7.4)",
Platypus Game,YES,,,Hydroracers: The Epic of Schneider Trophy (7.5)
Play to Z,YES,,,Soothsayers (8.2)
Play With Us Design (玩聚設計),YES,"VITA MORS (6.8), Cheers (5.8), Animania (6.8)",,"Soulaween (7.1), AVES (6.5)"
Playad Games,YES,Million Club (6.0),,
Playagame Edizioni,YES,,,Zefiria (7.0)
Playford Games,YES,Journey Stones (6.9),,
PlayPunk,YES,,,"Zenith (8.1), Captain Flip (8.4)"
Playroom Entertainment,NO,,Sitting Ducks Gallery (6.1),
Playte,YES,,,"Orapa Mine (7.6), Digit Code (7.3)"
Pleiades Games,YES,Sea Shanties (6.9),,
Plotmaker Games,YES,"Combo Fighter: Plotmaker Edition &ndash; Pack 1 (7.6), Combo Fighter: Plotmaker Edition &ndash; Pack 2 (8.0), Combo Fighter: Plotmaker Edition &ndash; Pack 3 (8.1)",,
Ply Games,YES,,,Exploration: Warzone (3.5)
Poncho Games Argentina,YES,Clash of Armies: Medieval (7.6),,
Portal Games,YES,Zombiaki II: Attack on Moscow (6.2),Neuroshima Hex! 3.0 (7.4),"Imperial Settlers (7.3), Bohemians (7.0)"
Portland Game Collective,YES,,,Oh! Meow! Bow! (7.0)
Post Scriptum,YES,,,Legend Raiders (6.7)
Praetorian Board Games,YES,CastleScape (7.5),,
Primigenio,YES,Aloha Pioha (6.4),,
Prolific Games,YES,Flapjacks &amp; Sasquatches (6.0),,
Prometheus Game Labs,YES,Micro Midgard (5.9),,Micro Dojo (7.0)
Prosperity Games,YES,Brewmaster's Guild (0.0),,
PSC Games,YES,Blitzkrieg!: World War Two in 20 Minutes (7.6),,
Pulga Escapista,YES,"D&iacute;a de Playa (7.5), Paso del Brahm&aacute;n (7.9), Rivales: Cap&iacute;tulo 1 &ndash; Justicia (8.9)",,
Pull the Pin Games,YES,Crash &amp; Grab (5.6),,
Purple Brain Creations,YES,Shinobi WAT-AAH! (6.3),,
PYTHAGORAS,YES,Caf&eacute; (7.2),,
QANGO Verlag,YES,,,QANGO (5.9)
Queen Games,YES,"Fresco (7.2), Thebes (7.1), Merlin (7.1), Treasure Hunter (6.7), Rune Stones (7.2), Show Manager (7.0), Pioneers (7.0), Franchise (7.0)",,"Alhambra (7.0), Kingdom Builder (7.0), Escape: The Curse of the Temple (7.0), Shogun (7.5), Chicago Express (7.2), Lancaster (7.4), Metro (6.4), Amerigo (7.5), Luxor (7.2), Paris Connection (6.7), Copenhagen (7.2)"
Quibble Games,YES,Time Barons (7.7),,
Quined Games,YES,Terramara (7.3),,"Carson City: Big Box (8.0), Carnegie (7.8)"
Quined White Goblin Games,YES,,,
Quirky Quarks Sarl,YES,,,Quirky Quarks (7.0)
Quixotic Games,YES,Canterbury (6.9),,
R D Games,YES,"Keyflower: The Farmers (7.8), Keyflower: The Merchants (8.0)",,Keyflower (7.8)
R&amp;amp;amp;R Games,YES,HomeStretch (6.7),,Pyramid Poker (6.5)
Rabel Games,YES,,,9UP (0.0)
Rad Plastic Studio,YES,Nano Battle: Epic Mini Figure Combat (10.0),,
Radical 8 Games,YES,,,Forks: 2nd Edition (7.5)
Radio Tapir LLC,YES,Decatur (7.5),,
Randolph,YES,Seaside (7.1),,
Rat Race Gaming,YES,"Clockwork Carnival (7.9), The Rat Race (0.0)",,
Raven Portents,YES,"Sepulchre: A Grave Game (0.0), Heart and Skull: The Core of Sepulchre (0.0)",,
Ravensburger Spieleverlag GmbH,YES,Mycelia (7.4),The Quest for El Dorado (7.6),Brilliant (6.8)
Real Trade Italia,YES,Real Queen (7.5),,
Reality game (Farbood Engareh),YES,King Thief Minister (7.2),,
REBEL pl,YES,,,K2 (7.0)
Rebirth Games,YES,,,Chemical Overload (8.4)
Red Genie Games,YES,The Brigade (6.7),,
Red Raven Games,YES,,,Dingo's Dreams (6.1)
Renegade Game Studios,YES,"World's Fair 1893 (7.1), Gravwell: 2nd Edition (7.0)",Clank!: A Deck-Building Adventure (7.8),"Arboretum (7.3), The Fox in the Forest (7.1), Dead Men Tell No Tales (7.1)"
Repos Production,YES,So Clover! (7.6),Mascarade (6.6),"7 Wonders (7.7), 7 Wonders Duel (8.1), Concept (6.8), Spooky Tower (6.8)"
Resonym,YES,"Phantom Ink (7.4), Mechanica (6.7), Visitor in Blackwood Grove (6.2), Monarch (6.7)",,
Restart Round Games,YES,Mole Park: Whack and Win (9.4),,
Restoration Games,YES,Conspiracy: The Solomon Gambit (6.6),,"Downforce (7.3), Dinosaur Tea Party (6.5)"
Rio Grande Games,YES,"Gulf, Mobile &amp; Ohio (7.1), Nevada City (7.1), Beta Colony (6.6), Musical Chairs (6.5)",Dominion (7.6),"Roll for the Galaxy (7.7), Caravan (6.7), Butterfly (6.7), Blue Skies (6.4)"
RMBC,YES,Wanyama (7.7),,
RNS Games,YES,Iron Pirate: The Swashbuckling Train Race (0.0),,
Road To Infamy Games (R2i Games),YES,Afternova (6.8),,"Crypt (6.6), Don't Go In There (7.2), Fromage (7.4)"
Rob and Dave Games,YES,Unknown (7.5),,
Rock Manor Games,YES,Seas of Havoc (7.3),,
"Rock, Stone &amp;amp; Dice Games",YES,,,Gems of Iridescia (9.4)
Rocket Lemon Games,YES,RabbitZ &amp; Robots (7.5),,
RodriGameZ,YES,Cosmic Arena (9.0),,
Rolling Wizards Studio,YES,,,Stem &amp; Branch (8.0)
Ropearoni Games,YES,Ibyron: Island of Discovery (7.5),,
Rotten Games,YES,,,Off the Rails (6.4)
Rough Draft Games,YES,Bouquet (8.2),,
Roxley,YES,"Santorini: New York (6.9), Sails to Steam (7.1)","Brass: Birmingham (8.7), Dice Throne (7.7)",Santorini (7.5)
Ruach Games,YES,Twelve (10.0),,
Rule &amp;amp; Make,YES,Smiths of Winterforge (6.8),,
RUNES Editions,YES,,Harald (6.3),
Runnaman Games,YES,,,Bandada (6.9)
Ruse.Games,YES,,,Bunny Boom (7.0)
Salt &amp;amp; Pepper Games,YES,,,Resist! (7.5)
Samba Estudios,YES,The Copper Trickster (7.1),Dungeon Rummy (9.5),
Sand Castle Games,YES,,,
Sapphire City Games,YES,,,Heckin Hounds (6.4)
Saratoga Toy &amp;amp; Game Co.,YES,Zoo King (7.3),,
Schmeta Games,YES,,,Gangsta! (7.9)
Schmidt Spiele,YES,,The Quacks of Quedlinburg (7.8),
Seajay Games,YES,,,Galactic Era (7.5)
Second Gate Games,YES,Monster Lands (7.1),,
Seeking Heroes,YES,Oathen (9.4),,
Senior Games,YES,,,
Serious Poulp,YES,,The 7th Continent (8.1),8 Masters' Revenge (6.3)
Siclen Studio,YES,Cosmic Chains (7.4),,
Side Room Games,YES,"Maquis (7.5), Black Sonata (7.5)",,For Northwood! A Solo Trick-Taking Game (8.0)
Sidekick Games,YES,HUTAN: Life in the Rainforest (7.0),,
Silent7Seven Games,YES,Quest: Awakening of Melior (6.4),,
"Silverleaf Games, LLC",YES,Battleborn Legacy (7.8),,
Simplicatus Games,YES,Colour MY Kritters (7.4),,
Sinister Design,YES,True Messiah (7.1),,
Sinister Fish Games,YES,,,Villagers (7.2)
Sirlin Games,YES,Chess 2: The Sequel (7.1),,Puzzle Strike 2 (8.8)
Sit Down,YES,"Bad Bones (6.7), Goths Save The Queen (6.0), Karnag (6.5)",,"Magic Maze (7.0), Gravity Superstar (6.8), Tiwanaku (7.3)"
Skellig Games,YES,Zwergendorf (6.6),,"Sagani (7.2), Kingscraft (7.0), Norsemen (6.5), Click A Tree (4.0)"
Skyport Games,YES,Ark: Awakening (7.0),,
Smart Cookie Games,NO,,Alex Randolph Games (6.1),
Smirk &amp;amp; Laughter Games,YES,,,boop. (7.9)
Snovid,YES,GODŌ: The five paths (7.5),,Choconnect (7.6)
Snowdale Design,YES,,,Dale of Merchants (7.2)
So Way Totally Awesome Games,YES,Walls: Race Through a Changing Maze (6.1),,
Solis Game Studio,YES,,,The Massive-Verse Fighting Card Game (7.9)
Soso Studio,YES,Atererozoic (5.0),,
Space Cowboys,YES,,,"Splendor (7.4), Dewan (7.4)"
Space Otter Publishing,YES,,,Dance of Muses (6.9)
Space Reindeers,YES,,,Dark Agent (4.6)
Sparkworks,NO,,,
Spartans Unleashed,YES,,,Cursed Empire Card Game (8.1)
specific agreement,YES,,,Livingstone (6.4)
Spellforge Games,YES,Foe Hunters (6.3),,
SPIEL DAS! Verlag,YES,"Magistrar: Duel of the Mages (6.7), NEUE HELDEN ... braucht das Land (6.7), Der Tr&ouml;tofanten-Zirkus (6.4)",,
Spiel-ou-Face,YES,"Vive le Roi! (6.4), BUUUUUUUS (0.0), MOLUKU (0.0)",,Metromania (5.8)
Spielworxx,YES,"Qu&eacute;bec (7.1), Squaring Circleville (7.1)",,"La Granja (7.7), North American Railways (6.7)"
Splotter Spellen,NO,,Food Chain Magnate (8.1),
Square Moon,YES,Super (6.0),,
Standard Games,YES,A Day at the Beach (8.9),,
StarHouse Games,YES,Labyrinth: Paths of Destiny (Fourth Edition) (7.3),,
Starling Games (II),NO,,Everdell (8.1),
Steeped Games,YES,"Chai (6.7), Chai: Tea for 2 (3.7)",,
Steffen-Spiele,YES,,,Soluna (5.3)
Steinbock Brettspiele,YES,Der K&ouml;nig des Waldes (6.2),,
Steve Jackson Games,NO,,,
Stone Tablet Games,YES,,,Art Thief (9.0)
Stonehome Games,YES,Renown: The Card Game (10.0),,
Stonemaier Games,YES,"Red Rising (7.0), Libertalia: Winds of Galecrest (7.4), Rolling Realms (7.1)","Scythe (8.2), Wingspan (8.1), Between Two Cities (7.0)","Tapestry (7.5), Viticulture (7.6)"
StonePlay,YES,Terakh: A Creative Strategy Game (5.9),,
"Stop, Drop and Roll Games",YES,,,Pugs in Mugs (7.6)
Stratus Games,YES,Gold Mine (5.8),,Eruption (6.2)
Struggler Games,YES,SADDLE (4.8),,"XXung (0.0), House of Suits (0.0)"
Studio Agrume,YES,Kraken (9.5),,
Studio Ardia,YES,Black Tie (8.8),,
Studio H,YES,,,"Ratjack (6.8), Leaders (7.5)"
Studio Kabo,YES,The Walking Deck (8.0),,
Studio Stratosph&egrave;res,YES,Velonimo (6.7),,
Studio Twin Games,YES,Althing (6.8),,
StudioCave,YES,Utsuke (7.2),,
Stuff By Bez,YES,Auction Land! (7.8),,Coupell (8.3)
Subverti,YES,Dictopia (7.3),,"Biomos (6.9), D&eacute;dale (7.1)"
Sunriver Games,YES,,,24/7: The Game (6.5)
SunTzuGames,YES,Burning Rome (6.5),,
Super Meeple,YES,Cuzco (7.4),,"Tikal (7.3), Mexica (7.3)"
Surprise &amp; Expectation,YES,Vilar de Mouros (8.1),,
Sweet Games,YES,Zombie Bus (6.5),,
Sylex,YES,Dreamscape (7.3),,"Amalfi: Renaissance (7.8), Colorado (7.7)"
Synapses Games,YES,,,"C&oacute;atl (6.9), Pyramido (7.0)"
SYNKA Games,YES,,,Crazy Corgi (7.6)
T&Euml;MABREW,YES,,,Share it! (6.6)
Tabula Games,YES,,,Volfyirion Guilds (8.5)
Taike Games,YES,Devolution: Become a Supreme Leader for Life! (8.6),,
Taiwan Boardgame Design,YES,The Three Little Wolves (6.5),,
Takoashi Games,YES,Arkanolodzy (7.1),,"VUGHEX (7.2), Ecliptic Travelers (0.0)"
talcMedia Productions,YES,All Your Base: Last Of Last &ndash; The Card Game (10.0),,
Tanemaki Designs,YES,Vivarium (6.8),,
Tangerine Games,YES,Nestlings (6.7),,
Tarancon Board Games,YES,Safari Turbo (6.8),,
Tasty Minstrel Games,YES,,"Belfort (7.2), Scoville (7.1), Guilds of London (6.8), Pioneer Days (7.2), Thief's Market (6.5), Harvest (7.0), Eminent Domain: Battlecruisers (6.3), Old West Empresario (7.1), Yokohama Duel (7.5), For The Win (5.7), Bottlecap Vikings (5.1), Trade on the Tigris (7.1), Dawn of Mankind (6.8), Exodus Fleet (7.2), Solar Draft (7.0), Big Dig (6.2), Downfall (6.4), Embark (6.9), Emperor's Choice (7.0), Chrono Corsairs (5.9)","Eminent Domain (7.0), Yokohama (7.8), Dungeon Roll (6.1), Harbour (6.5), Homesteaders (7.2), Martian Dice (6.2), Crusaders: Thy Will Be Done (7.5), Gold West (7.4), Chimera Station (7.3), Coin Age (6.0), Eminent Domain: Microcosm (6.4), Steam Works (6.9), Rolled West (6.1), Balloon Pop! (5.1)"
Tembo Games,YES,,,Khlor (7.7)
Teomach Games,YES,Pivot (7.9),,
Terra Nova Games,YES,,,Guile (5.4)
Tettix Games,YES,Deep Regrets (7.3),,
TF1 Games,NO,,Mille Bornes (5.7),
Th3rd World Studios (3WS Games),YES,Relative Space (9.2),,Digging For Dinos (8.1)
The Aerie Games,YES,KAWA: A Game About Flow (6.4),,
The City of Games,YES,The Isle of Cats Duel (7.6),,The Isle of Cats (8.0)
The Devil May Care Games,YES,Devil's Dice (8.4),,
The Flying Games,YES,,,"Jurassic Snack (6.7), Viva Catrina (8.4), Chakapuces (6.0)"
The Freaky 42,YES,,,Crazy Farmers and the Cl&ocirc;tures &Eacute;lectriques (5.9)
"The Game Crafter, LLC",YES,"Town League Hockey (7.5), Monkey Wrench: Deluxe Edition (10.0)",,
The Op,YES,"Fountains (7.5), The Perfect Wave (6.9)",Cat Between Us (7.2),"Tacta (7.0), Stalk Exchange (6.9), Gnome Hollow (7.8)"
The Seahorse and The Hummingbird,YES,,,Pyrotechnics (8.7)
Thematic Games,YES,"Minigolf Designer (7.8), Dinodocus (6.6)",,
Thing 12 Games,YES,"Dice of Crowns (6.4), The Seals of Cthulhu (6.2)",,
This Way!,YES,ARCTICA (8.7),,
"Three Nail Games, LLC",YES,,,Natural Chaos (8.4)
ThunderGryph Games,YES,,,"Darwin's Journey (8.2), Golems (6.3)"
Tiger Board Games,YES,,,Haiclue (6.2)
TIKI Editions Inc,YES,,,"Ga&iuml;a (6.2), Lucky Numbers (6.3)"
TIN ROBOT GAMES,YES,,,"Garden Geckos (7.1), Hamsters vs. Hippos (6.3), Tanks, but no thanks! (7.0), Queen of Scots Card Game (7.1), Planting Evidence: Card Game (7.7), Bunny Drops (7.1), Time Splicers (8.5)"
TLAMA games,YES,,,Sneferu: Builders of the Pyramids (7.0)
TNT Creative Gaming,YES,Mythic Gems (8.1),,
Todys Games,YES,Scarce (8.2),,
Toolbox for Education and Social Action,YES,Space Cats Fight Fascism (7.4),,
"Toy Vault, Inc.",YES,,,Starship Merchants (6.5)
Tranjis Games,YES,Valkyries (7.3),,
Treefrog Games,YES,,,P.I. (6.7)
Tri-Infinity Games,YES,"Monarchs, Minions &amp; Mayhem! (7.5)",,
Turncoat Games,YES,Shaft (8.0),,
Twisted Bit Games,YES,Motora (7.0),,
TwistGames,YES,,,Gobelin des Bois (0.0)
Two Lanterns Games,NO,,Morels (7.0),
Two Manta,YES,Alveola: The City of Bees (7.2),,
Two19,YES,Kingless (7.4),,
Twoid Games,YES,"Legends of Void (7.8), Fall of Lumen (7.7)",,
TWOPLUS Games,YES,,,Battlegammon (0.0)
U Token 2 Me,YES,Vedrf&ouml;lnir (6.8),,
Ummaramma,YES,Speculaas (7.3),,
Unchained Meeple,YES,,,Fox on the Tree (9.3)
Uncommons Publishing,YES,Scurry Up! (7.8),Floristry (7.3),
Underground Games GbR,YES,Castle Von Loghan (7.5),,
Undertreegames LLC,YES,Mad Match-Up (8.3),,
Undine Studios,YES,Project Dreamscape (6.5),,
Unfringed,YES,,,Zuuli (7.6)
Unigoat Edition,YES,Golfie (7.0),,
Unkind Games,YES,RIVALS (8.3),,
Uplink Underground Games (II),YES,Breakaway Football (8.7),,
Uproarious Games,YES,Getaway Driver (6.5),,
Upsize Fun,YES,Hydro Soakers (8.0),,
Verdes Innovations S.A. (V Games),YES,Twinkle (6.9),,
Victoire,YES,,,Beyond (7.6)
Victory Point Games,NO,King's Ransom (7.1),,
VicVillage (ヴィックヴィレッジ),YES,Juggernaut (6.5),,
Violet Daisy Games LLC,YES,PopCats Fighter (8.0),,
VUCA Simulations,YES,New Cold War (7.6),,
Wallace Designs,YES,Animal Rules Football (9.5),Steam Power (7.4),
Warfrog Games,YES,,,Perikles (6.9)
Warm Up Entertainment LLC,YES,The Last Veggie (0.0),,
Warped Reality Games,YES,Potions of Azerland (7.0),,
Waterbear Workshop,YES,"The Mire (9.2), Diecathlon (0.0)",,
Waterworks Games,YES,"Alpenglow (7.0), Red Dog Junction (8.0)",,
WAY Funner Games LLC,YES,,,Tic Tac Match (7.0)
We Heart Games,YES,Crownfell (7.9),,
Wehrlegig Games,YES,,,"Pax Pamir (Second Edition) (8.3), John Company: Second Edition (8.3), Molly House (7.5)"
Weird Giraffe Games,YES,"Wicked &amp; Wise (6.7), Big Easy Busking (6.5), Way Too Many Cats! (6.5)",,Gift of Tulips (7.2)
Whales Entertainment,YES,Win or Die (7.9),,Safari Witness (8.6)
Whats Your Game,YES,"Reef Encounter (7.1), Vasco da Gama (7.2), ZhanGuo (7.5), Railroad Revolution (7.3), OddVille (6.7), Ur (6.5), Asgard (6.7), Loot Island (6.5), Railroad Revolution: Railroad Evolution (8.2)",Vinhos (7.5),"Nippon (7.7), Madeira (7.6), Signorie (7.4)"
Whatz Games,YES,CHAINS Disc Golf Board Game (7.5),,
Whirtel Games,YES,,,Queens &amp; Kings ...A Checkers Game (4.3)
White Goblin Games,YES,Panic Station (6.0),,"Medina (Second Edition) (7.2), Mango (6.4), Metz (6.7), Beam Me Up! (6.8)"
Whoa Worthy Games,YES,Kovas (10.0),,
Widyka (WDK),YES,,,NINE (6.3)
Wiggles 3D,YES,5-Minute Dungeon (6.9),,
"Wild Board Games, Inc.",YES,Wild State: The Game of American Power Grab (0.0),,
Winsmith Games,YES,,,Junk Drawer (7.4)
Wishing Tree Games,YES,Seven Sisters (6.7),,
WiWa Spiele,NO,,Shiftago (7.6),
Wizards of the Coast,NO,,The Great Dalmuti (6.6),
WizKids,NO,,,
WoksOn Studios,YES,,,Grove (7.4)
Wolff Designa,YES,"Trick Shot: Second Edition (8.0), Gods &amp; Mortals (6.7)",,
Wonder Backers,YES,Asteriated Illusion (8.4),,
Wonderbow Games,YES,Hunters of the Lost Creatures (6.8),,
Wonderful World Board Games,YES,,,Dragonarium (7.3)
Wooden Robot Games,YES,Traders of Cardonia (0.0),,
Worldwide Games,YES,Worldwide Football (7.8),,Worldwide Tennis (7.7)
Worthington Games,YES,Band of Brothers: Screaming Eagles (7.7),,
Wren Games,YES,Pilfering Pandas (5.7),,
Wyrd Miniatures,YES,Darkness Comes Rattling (6.6),,
X-Multiverse Entertainment Co Ltd,YES,Why You Lying! (6.7),,
Xenith Creativity Co.,YES,Summon the Dragon (6.3),,
XII-Game,YES,,,Le Dernier Peuple (4.6)
XOLLOX Games,YES,The Fog: Escape from Paradise (7.4),,
XVgames,YES,Wizard's Garden (6.9),,
"XYZ Game Labs, Inc",YES,BIGFOOT: Roll &amp; Smash (6.1),,
Yanaguana Games,YES,,,Stir Fry Eighteen (6.2)
Yemaia,YES,Al Rashid (6.6),,
Yokay Games,YES,Duck Duck Mousse (0.0),,
Your Move Games,YES,,,The Battle for Hill 218 (6.6)
Ystari Games,YES,Myrmes (7.3),,"Caylus (7.8), Yspahan (7.1), Amyitis (6.9), Bombay (6.3), Assyria (6.8)"
Z-Man Games,YES,Lords of Scotland (6.8),,Love Letter (7.5)
Zacatrus,YES,TimemiT (8.1),,Cathood (8.2)
Zadorf,YES,The Great Escape (6.4),,
Zafty Games,YES,"Pixel Glory (6.6), Somnium: Rise of Laputa (6.7)",,ToeShamBo (5.2)
Zenwood Games,YES,Tycoon: India 1981 (7.9),,Fortify (10.0)
Zero Rank Acquisition,YES,Temerity (7.8),,
Zerofun Boardgames,YES,Entropia: The Game (6.1),,Cannonades (6.3)
Zlurpcast Studios,YES,Death Path (8.4),,
Zo&eacute; Yat&eacute;ka Cr&eacute;ations,YES,Rebonds (5.8),,
Zombi Paella,YES,,,Rebel Princess (7.5)
モクバ堂(Mokubado),YES,,,イラストリー (Illustori) (4.7)
リゴレ (rigoler),YES,,,Streetcar (6.5)
上海一逸文化传播有限公司,YES,Asteriated Grail (7.4),,
九张牌玩具公司(9 Cards Toy Company),YES,,,The Nine Sons of The Dragon (7.4)
大気圏内ゲームズ (Taikikennai Games),YES,,,聖杯サクセション (Throne and the Grail) (7.0)
妄想ゲームズ☆ (Mousou Games),YES,,,Olenon (0.0)
