Year,Rank,Item,Category,Person
2022,1,"The Castles of Burgundy",collection,Kevin
2022,2,"Orléans",collection,Kevin
2022,3,"Love Letter",collection,Kevin
2022,4,"Dominion (Second Edition)",collection,Kevin
2022,5,"It's a Wonderful World",collection,Kevin
2022,6,"Azul: Stained Glass of Sintra",collection,Kevin
2022,7,"Sushi Go Party!",collection,Kevin
2022,8,"Medieval Academy",collection,Kevin
2022,9,"Century: Golem Edition – An Endless World",collection,Kevin
2022,10,"The Quacks of Quedlinburg",collection,Kevin
2022,11,"Alhambra: Big Box",collection,Kevin
2022,12,"Between Two Cities",collection,Kevin
2022,13,"Super Mega Lucky Box",collection,Kevin
2022,14,"Honey Buzz",collection,Kevin
2022,15,"Nidavellir",collection,Kevin
2022,16,"Living Forest",collection,Kevin
2022,17,"Dice Forge",collection,Kevin
2022,18,"Silver & Gold",collection,Kevin
2022,19,"Point Salad",collection,Kevin
2022,20,"Century: Golem Edition",collection,Kevin
2022,21,"Stone Age",collection,Kevin
2022,22,"7 Wonders Duel",collection,Kevin
2022,23,"Savannah Park",collection,Kevin
2022,24,"Catan Histories: Rise of the Inkas",collection,Kevin
2022,25,"Dog Lover",collection,Kevin
2022,26,"Roll for the Galaxy",collection,Kevin
2022,27,"San Juan (Second Edition)",collection,Kevin
2022,28,"Sagrada",collection,Kevin
2022,29,"Sushi Go!",collection,Kevin
2022,30,"Love Letter Premium",collection,Kevin
2022,31,"Catan",collection,Kevin
2022,32,"For Sale",collection,Kevin
2022,33,"Cartographers",collection,Kevin
2022,34,"Downforce",collection,Kevin
2022,35,"Jaipur",collection,Kevin
2022,36,"So Clover!",collection,Kevin
2022,37,"Cascadia",collection,Kevin
2022,38,"Manhattan",collection,Kevin
2022,39,"Welcome To...",collection,Kevin
2022,40,"Zombie Dice",collection,Kevin
2022,41,"Mystic Vale",collection,Kevin
2022,42,"Kingdomino",collection,Kevin
2022,43,"Bohnanza",collection,Kevin
2022,44,"The Castles of Burgundy: The Card Game",collection,Kevin
2022,45,"Dutch Blitz",collection,Kevin
2022,46,"Decrypto",collection,Kevin
2022,47,"Blue Lagoon",collection,Kevin
2022,48,"Tokaido",collection,Kevin
2022,49,"Lanterns: The Harvest Festival",collection,Kevin
2022,50,"Boomerang",collection,Kevin
2022,51,"Space Base",collection,Kevin
2022,52,"Trek 12: Himalaya",collection,Kevin
2022,53,"Tiny Towns",collection,Kevin
2022,54,"Arboretum",collection,Kevin
2022,55,"Patchwork",collection,Kevin
2022,56,"Mesozooic",collection,Kevin
2022,57,"Draftosaurus",collection,Kevin
2022,58,"Star Realms: Frontiers",collection,Kevin
2022,59,"Biblios",collection,Kevin
2022,60,"Secret Hitler",collection,Kevin
2022,61,"Byzanz",collection,Kevin
2022,62,"TEN",collection,Kevin
2022,63,"Wingspan",collection,Kevin
2022,64,"Trails of Tucana",collection,Kevin
2022,65,"That's Pretty Clever!",collection,Kevin
2022,66,"Welcome to the Dungeon",collection,Kevin
2022,67,"Century: Golem Edition – Eastern Mountains",collection,Kevin
2022,68,"Kingdom Builder",collection,Kevin
2022,69,"Azul",collection,Kevin
2022,70,"Sapiens",collection,Kevin
2022,71,"Meadow",collection,Kevin
2022,72,"TRAILS",collection,Kevin
2022,73,"Ticket to Ride: Europe",collection,Kevin
2022,74,"L.L.A.M.A.",collection,Kevin
2022,75,"Mille Bornes",collection,Kevin
2022,76,"Cacao",collection,Kevin
2022,77,"Cubitos",collection,Kevin
2022,78,"Chickapig",collection,Kevin
2022,79,"The Quest for El Dorado",collection,Kevin
2022,80,"Codenames: Pictures",collection,Kevin
2022,81,"Qwinto",collection,Kevin
2022,82,"Just One",collection,Kevin
2022,83,"Can't Stop",collection,Kevin
2022,84,"Camel Up (Second Edition)",collection,Kevin
2022,85,"Deep Sea Adventure",collection,Kevin
2022,86,"Hive Pocket",collection,Kevin
2022,87,"King of Tokyo",collection,Kevin
2022,88,"Pit",collection,Kevin
2022,89,"BANG!",collection,Kevin
2022,90,"Raiders of Scythia",collection,Kevin
2022,91,"Azul: Queen's Garden",collection,Kevin
2022,92,"Architects of the West Kingdom",collection,Kevin
2022,93,"BANG! The Dice Game",collection,Kevin
2022,94,"Imhotep",collection,Kevin
2022,95,"The Taverns of Tiefenthal",collection,Kevin
2022,96,"Five Crowns",collection,Kevin
2022,97,"Machi Koro: Bright Lights, Big City",collection,Kevin
2022,98,"Qwixx",collection,Kevin
2022,99,"Splendor",collection,Kevin
2022,100,"Isle of Skye: From Chieftain to King",collection,Kevin
2022,101,"Sequence",collection,Kevin
2022,102,"The Game of Things",collection,Kevin
2022,103,"Sushi Roll",collection,Kevin
2022,104,"FUSE",collection,Kevin
2022,105,"Abandon All Artichokes",collection,Kevin
2022,106,"Galaxy Trucker",collection,Kevin
2022,107,"Age of War",collection,Kevin
2022,108,"The Chameleon",collection,Kevin
2022,109,"No Thanks!",collection,Kevin
2022,110,"Ticket to Ride: Rails & Sails",collection,Kevin
2022,111,"Rummikub",collection,Kevin
2022,112,"Ticket to Ride",collection,Kevin
2022,113,"Zombie Dice Horde Edition",collection,Kevin
2022,114,"Tzolk'in: The Mayan Calendar",collection,Kevin
2022,115,"The Resistance",collection,Kevin
2022,116,"Telestrations: 12 Player Party Pack",collection,Kevin
2022,117,"DIG",collection,Kevin
2022,118,"What Do You Meme?",collection,Kevin
2022,119,"Juicy Fruits",collection,Kevin
2022,120,"Subastral",collection,Kevin
2022,121,"Dixit",collection,Kevin
2022,122,"Blokus",collection,Kevin
2022,123,"Coup",collection,Kevin
2022,124,"12 Days",collection,Kevin
2022,125,"High Society",collection,Kevin
2022,126,"Overboss: A Boss Monster Adventure",collection,Kevin
2022,127,"Carcassonne Big Box 6",collection,Kevin
2022,128,"Suburbia",collection,Kevin
2022,129,"Exploding Kittens",collection,Kevin
2022,130,"Happy Salmon",collection,Kevin
2022,131,"Electronic Catch Phrase",collection,Kevin
2022,132,"Phase 10",collection,Kevin
2022,133,"Backgammon",collection,Kevin
2022,134,"Cinco Linko",collection,Kevin
2022,135,"Why First?",collection,Kevin
2022,136,"Get Bit!",collection,Kevin
2022,137,"Rivals for Catan: Deluxe",collection,Kevin
2022,138,"Boggle",collection,Kevin
2022,139,"Patchwork Doodle",collection,Kevin
2022,140,"Bloom",collection,Kevin
2022,141,"Race for the Galaxy",collection,Kevin
2022,142,"Exploding Kittens: Party Pack",collection,Kevin
2022,143,"The Game of Things: Travel/Expansion",collection,Kevin
2022,144,"Qwirkle",collection,Kevin
2022,145,"Paris: La Cité de la Lumière",collection,Kevin
2022,146,"Coloretto",collection,Kevin
2022,147,"Scattergories",collection,Kevin
2022,148,"Codenames",collection,Kevin
2022,149,"Ramen Fury",collection,Kevin
2022,150,"HomeStretch",collection,Kevin
2022,151,"Citadels",collection,Kevin
2022,152,"7 Wonders",collection,Kevin
2022,153,"Azul: Summer Pavilion",collection,Kevin
2022,154,"Hanamikoji",collection,Kevin
2022,155,"PARKS",collection,Kevin
2022,156,"Perudo",collection,Kevin
2022,157,"Othello",collection,Kevin
2022,158,"Superfight",collection,Kevin
2022,159,"Codenames: Duet",collection,Kevin
2022,160,"Stratego",collection,Kevin
2022,161,"Struggle for Catan",collection,Kevin
2022,162,"Pairs",collection,Kevin
2022,163,"NMBR 9",collection,Kevin
2022,164,"Bears vs Babies",collection,Kevin
2022,165,"Pictionary",collection,Kevin
2022,166,"Loot",collection,Kevin
2022,167,"Rack-O",collection,Kevin
2022,168,"Pizza Party",collection,Kevin
2022,169,"Pictionary Card Game",collection,Kevin
2022,170,"Mexican Train",collection,Kevin
2022,171,"Lanterns Dice: Lights in the Sky",collection,Kevin
2022,172,"Spot it!",collection,Kevin
2022,173,"Ticket to Ride: London",collection,Kevin
2022,174,"Tenzi",collection,Kevin
2022,175,"Trash Pandas",collection,Kevin
2022,176,"New York Zoo",collection,Kevin
2022,177,"UNO: Mario Kart",collection,Kevin
2022,178,"Honshū",collection,Kevin
2022,179,"HUE",collection,Kevin
2022,180,"Deal or No Deal Card Game",collection,Kevin
2022,181,"Power Grid",collection,Kevin
2022,182,"Catan Dice Game",collection,Kevin
2022,183,"Taboo",collection,Kevin
2022,184,"Take 5 & Take A Number",collection,Kevin
2022,185,"Survive: Escape from Atlantis!",collection,Kevin
2022,186,"Saboteur",collection,Kevin
2022,187,"Skull",collection,Kevin
2022,188,"Guillotine",collection,Kevin
2022,189,"Chinese Checkers",collection,Kevin
2022,190,"Battle Line",collection,Kevin
2022,191,"Puerto Rico",collection,Kevin
2022,192,"The Mind",collection,Kevin
2022,193,"5211",collection,Kevin
2022,194,"Pandemic",collection,Kevin
2022,195,"Risk",collection,Kevin
2022,196,"Dragonwood",collection,Kevin
2022,197,"Risk: Europe",collection,Kevin
2022,198,"Cockroach Poker",collection,Kevin
2022,199,"Jenga",collection,Kevin
2022,200,"Hanabi",collection,Kevin
2022,201,"Blink",collection,Kevin
2022,202,"Mao",collection,Kevin
2022,203,"Iquazú",collection,Kevin
2022,204,"Monopoly Bid",collection,Kevin
2022,205,"Dutch Blitz: Blue Expansion Pack",collection,Kevin
2022,206,"Taco Cat Goat Cheese Pizza",collection,Kevin
2022,207,"Hey, That's My Fish!",collection,Kevin
2022,208,"Go Nuts for Donuts",collection,Kevin
2022,209,"Ticket to Ride: New York",collection,Kevin
2022,210,"Wits & Wagers Party",collection,Kevin
2022,211,"Tiki Topple",collection,Kevin
2022,212,"Kalah",collection,Kevin
2022,213,"BraveRats",collection,Kevin
2022,214,"3 Wishes",collection,Kevin
2022,215,"Couch of Power",collection,Kevin
2022,216,"Red Flags",collection,Kevin
2022,217,"You've Got Crabs",collection,Kevin
2022,218,"The Fox in the Forest",collection,Kevin
2022,219,"When I Dream",collection,Kevin
2022,220,"Hearts",collection,Kevin
2022,221,"Guess Who?",collection,Kevin
2022,222,"Bananagrams",collection,Kevin
2022,223,"Memory",collection,Kevin
2022,224,"UNO",collection,Kevin
2022,225,"Wizard",collection,Kevin
2022,226,"The Castles of Burgundy: The Dice Game",collection,Kevin
2022,227,"Yahtzee",collection,Kevin
2022,228,"UNO Flip!",collection,Kevin
2022,229,"DOS",collection,Kevin
2022,230,"Euchre",collection,Kevin
2022,231,"Agricola (Revised Edition)",collection,Kevin
2022,232,"Concept",collection,Kevin
2022,233,"Pass out",collection,Kevin
2022,234,"Sleeping Queens",collection,Kevin
2022,235,"LIE",collection,Kevin
2022,236,"Cards Against Humanity",collection,Kevin
2022,237,"Labyrinth",collection,Kevin
2022,238,"Skip-Bo",collection,Kevin
2022,239,"Rory's Story Cubes",collection,Kevin
2022,240,"Lowdown",collection,Kevin
2022,241,"Connect Four",collection,Kevin
2022,242,"Diamonds: Second Edition",collection,Kevin
2022,243,"Slamwich",collection,Kevin
2022,244,"Broom Service: The Card Game",collection,Kevin
2022,245,"Bottom of the 9th",collection,Kevin
2022,246,"Monopoly Gamer: Mario Kart",collection,Kevin
2022,247,"MicroMacro: Crime City",collection,Kevin
2022,248,"Imhotep: The Duel",collection,Kevin
2022,249,"Rolling America",collection,Kevin
2022,250,"Bounce-Off",collection,Kevin
2022,251,"Twister",collection,Kevin
2022,252,"Scrabble",collection,Kevin
2022,253,"Mad Gab",collection,Kevin
2022,254,"Fluxx",collection,Kevin
2022,255,"LCR",collection,Kevin
2022,256,"Poetry for Neanderthals",collection,Kevin
2022,257,"NFL-opoly",collection,Kevin
2022,258,"The Crew: The Quest for Planet Nine",collection,Kevin
2022,259,"Checkers",collection,Kevin
2022,260,"Quelf",collection,Kevin
2022,261,"The Game of 49",collection,Kevin
2022,262,"Old Maid",collection,Kevin
2022,263,"Kings in the Corner",collection,Kevin
2022,264,"Pinochle",collection,Kevin
2022,265,"Chess",collection,Kevin
2022,266,"Rook",collection,Kevin
2022,267,"Don't Break the Ice",collection,Kevin
2022,268,"Monopoly",collection,Kevin
2022,269,"Chutes and Ladders",collection,Kevin
2022,270,"Trouble",collection,Kevin
2022,271,"Forbidden Island",collection,Kevin
2022,272,"Hands Down",collection,Kevin
2022,273,"Sorry!",collection,Kevin
2022,274,"Spades",collection,Kevin
2022,275,"Carrom",collection,Kevin
2022,276,"Deluxe Count'N Out",collection,Kevin
2022,277,"Rush Hour Scramble",collection,Kevin
2022,278,"Tic-Tac-Toe",collection,Kevin
2022,279,"Bridge",collection,Kevin
2022,280,"Husker Du?",collection,Kevin
2022,281,"Solitaire",collection,Kevin
2022,282,"JunKing",collection,Kevin
2022,283,"Bingo",collection,Kevin
2022,284,"Apples to Apples",collection,Kevin
2022,285,"Snail's Pace Race",collection,Kevin
2022,286,"Cranium",collection,Kevin
2022,287,"Clue",collection,Kevin
2022,288,"Snakesss",collection,Kevin
2022,289,"Arne",collection,Kevin
2022,290,"Blurt! Card Game",collection,Kevin
2022,291,"Sports Illustrated Trivia Game: Multi-Sport Edition",collection,Kevin
2023,1,"Cascadia",collection,Kevin
2023,2,"Sagrada",collection,Kevin
2023,3,"Sushi Go Party!",collection,Kevin
2023,4,"Point Salad",collection,Kevin
2023,5,"Roll for the Galaxy",collection,Kevin
2023,6,"Orléans",collection,Kevin
2023,7,"Dog Lover",collection,Kevin
2023,8,"Manhattan",collection,Kevin
2023,9,"SCOUT",collection,Kevin
2023,10,"That's Pretty Clever!",collection,Kevin
2023,11,"Wingspan",collection,Kevin
2023,12,"Love Letter",collection,Kevin
2023,13,"The Isle of Cats: Explore & Draw",collection,Kevin
2023,14,"The Quacks of Quedlinburg",collection,Kevin
2023,15,"PUSH",collection,Kevin
2023,16,"It's a Wonderful World",collection,Kevin
2023,17,"Cartographers",collection,Kevin
2023,18,"Nidavellir",collection,Kevin
2023,19,"Monopoly Express",collection,Kevin
2023,20,"Azul: Queen's Garden",collection,Kevin
2023,21,"Stockpile: Epic Edition",collection,Kevin
2023,22,"Trek 12: Himalaya",collection,Kevin
2023,23,"Living Forest",collection,Kevin
2023,24,"Monopoly Deal Card Game",collection,Kevin
2023,25,"Everdell",collection,Kevin
2023,26,"Akropolis",collection,Kevin
2023,27,"Silver & Gold",collection,Kevin
2023,28,"Century: Golem Edition – An Endless World",collection,Kevin
2023,29,"Mountain Goats",collection,Kevin
2023,30,"Cover Your Assets",collection,Kevin
2023,31,"Azul",collection,Kevin
2023,32,"The Castles of Burgundy: The Card Game",collection,Kevin
2023,33,"Dominion (Second Edition)",collection,Kevin
2023,34,"Wizard",collection,Kevin
2023,35,"Machi Koro: Bright Lights, Big City",collection,Kevin
2023,36,"Trails of Tucana",collection,Kevin
2023,37,"Savannah Park",collection,Kevin
2023,38,"Dutch Blitz",collection,Kevin
2023,39,"For Sale",collection,Kevin
2023,40,"Gnoming A Round",collection,Kevin
2023,41,"BANG! The Dice Game",collection,Kevin
2023,42,"Azul: Stained Glass of Sintra",collection,Kevin
2023,43,"San Juan (Second Edition)",collection,Kevin
2023,44,"Between Two Cities",collection,Kevin
2023,45,"Medieval Academy",collection,Kevin
2023,46,"Honey Buzz",collection,Kevin
2023,47,"Blue Lagoon",collection,Kevin
2023,48,"Skull King",collection,Kevin
2023,49,"Splendor Duel",collection,Kevin
2023,50,"Coloretto",collection,Kevin
2023,51,"7 Wonders Duel",collection,Kevin
2023,52,"The Guild of Merchant Explorers",collection,Kevin
2023,53,"Kingdom Builder",collection,Kevin
2023,54,"Tokaido",collection,Kevin
2023,55,"Alhambra: Big Box",collection,Kevin
2023,56,"Downforce",collection,Kevin
2023,57,"Monsters on Board",collection,Kevin
2023,58,"Creature Comforts",collection,Kevin
2023,59,"Draftosaurus",collection,Kevin
2023,60,"Welcome To...",collection,Kevin
2023,61,"Wild: Serengeti",collection,Kevin
2023,62,"Trekking Through History",collection,Kevin
2023,63,"Viticulture Essential Edition",collection,Kevin
2023,64,"Deep Sea Adventure",collection,Kevin
2023,65,"Bohnanza",collection,Kevin
2023,66,"Mystic Vale",collection,Kevin
2023,67,"Can't Stop",collection,Kevin
2023,68,"Just One",collection,Kevin
2023,69,"Project L",collection,Kevin
2023,70,"Codenames: Pictures",collection,Kevin
2023,71,"Cockroach Poker",collection,Kevin
2023,72,"Jaipur",collection,Kevin
2023,73,"Super Mega Lucky Box",collection,Kevin
2023,74,"Pit",collection,Kevin
2023,75,"So Clover!",collection,Kevin
2023,76,"King of Tokyo",collection,Kevin
2023,77,"Reef",collection,Kevin
2023,78,"Kingdomino",collection,Kevin
2023,79,"Fun Facts",collection,Kevin
2023,80,"Dice Forge",collection,Kevin
2023,81,"Rummikub",collection,Kevin
2023,82,"Five Tribes",collection,Kevin
2023,83,"Sushi Go!",collection,Kevin
2023,84,"The Bears and the Bees",collection,Kevin
2023,85,"Next Station: London",collection,Kevin
2023,86,"Las Vegas Royale",collection,Kevin
2023,87,"Happy City",collection,Kevin
2023,88,"Planted: A Game of Nature & Nurture",collection,Kevin
2023,89,"Long Shot: The Dice Game",collection,Kevin
2023,90,"Explorers",collection,Kevin
2023,91,"Iquazú",collection,Kevin
2023,92,"Ka-Ching!",collection,Kevin
2023,93,"Decrypto",collection,Kevin
2023,94,"Hanamikoji",collection,Kevin
2023,95,"Cubitos",collection,Kevin
2023,96,"Incan Gold",collection,Kevin
2023,97,"Qwixx",collection,Kevin
2023,98,"Quoridor",collection,Kevin
2023,99,"Sushi Roll",collection,Kevin
2023,100,"Stone Age",collection,Kevin
2023,101,"Pictures",collection,Kevin
2023,102,"The Castles of Tuscany",collection,Kevin
2023,103,"On Tour",collection,Kevin
2023,104,"Codenames",collection,Kevin
2023,105,"Loot",collection,Kevin
2023,106,"Mexican Train",collection,Kevin
2023,107,"L.L.A.M.A.",collection,Kevin
2023,108,"Five Crowns",collection,Kevin
2023,109,"Jukem Football (Second Edition)",collection,Kevin
2023,110,"Century: Golem Edition",collection,Kevin
2023,111,"Railroad Ink: Deep Blue Edition",collection,Kevin
2023,112,"Cryptid",collection,Kevin
2023,113,"Thurn and Taxis",collection,Kevin
2023,114,"Zombie Dice",collection,Kevin
2023,115,"Wingspan Asia",collection,Kevin
2023,116,"Trails",collection,Kevin
2023,117,"Onitama",collection,Kevin
2023,118,"Oh My Goods!",collection,Kevin
2023,119,"Downtown Farmers Market",collection,Kevin
2023,120,"The Castles of Burgundy",collection,Kevin
2023,121,"Catan Histories: Rise of the Inkas",collection,Kevin
2023,122,"Camel Up (Second Edition)",collection,Kevin
2023,123,"Ready Set Bet",collection,Kevin
2023,124,"Space Base",collection,Kevin
2023,125,"Veggies",collection,Kevin
2023,126,"1001 Islands",collection,Kevin
2023,127,"Herbaceous",collection,Kevin
2023,128,"Azul: Summer Pavilion",collection,Kevin
2023,129,"Modern Art",collection,Kevin
2023,130,"Sunny Day Sardines",collection,Kevin
2023,131,"Ramen Fury",collection,Kevin
2023,132,"New York Zoo",collection,Kevin
2023,133,"Boomerang",collection,Kevin
2023,134,"Architects of the West Kingdom",collection,Kevin
2023,135,"Blokus",collection,Kevin
2023,136,"12 Days",collection,Kevin
2023,137,"Arboretum",collection,Kevin
2023,138,"TEN",collection,Kevin
2023,139,"Imhotep",collection,Kevin
2023,140,"Qwirkle",collection,Kevin
2023,141,"Power Grid",collection,Kevin
2023,142,"Crystallized",collection,Kevin
2023,143,"Tiny Towns",collection,Kevin
2023,144,"Ticket to Ride: Rails & Sails",collection,Kevin
2023,145,"Isle of Skye: From Chieftain to King",collection,Kevin
2023,146,"Exploding Kittens: Party Pack",collection,Kevin
2023,147,"Patchwork",collection,Kevin
2023,148,"Superfight",collection,Kevin
2023,149,"Coup",collection,Kevin
2023,150,"Mille Bornes",collection,Kevin
2023,151,"Raiders of Scythia",collection,Kevin
2023,152,"Telestrations: 12 Player Party Pack",collection,Kevin
2023,153,"Why First?",collection,Kevin
2023,154,"Ticket to Ride: Europe",collection,Kevin
2023,155,"Ticket to Ride: London",collection,Kevin
2023,156,"The Taverns of Tiefenthal",collection,Kevin
2023,157,"New York Slice",collection,Kevin
2023,158,"Cacao",collection,Kevin
2023,159,"The Resistance",collection,Kevin
2023,160,"Carcassonne Big Box 6",collection,Kevin
2023,161,"BANG!",collection,Kevin
2023,162,"Circle the Wagons",collection,Kevin
2023,163,"Cover Your Cookies",collection,Kevin
2023,164,"Secret Hitler",collection,Kevin
2023,165,"Welcome to the Dungeon",collection,Kevin
2023,166,"Chinese Checkers",collection,Kevin
2023,167,"Skull",collection,Kevin
2023,168,"Museum Suspects",collection,Kevin
2023,169,"Paris: La Cité de la Lumière",collection,Kevin
2023,170,"Wits & Wagers Party",collection,Kevin
2023,171,"Picture Perfect",collection,Kevin
2023,172,"Juicy Fruits",collection,Kevin
2023,173,"Saboteur",collection,Kevin
2023,174,"Race for the Galaxy",collection,Kevin
2023,175,"Get Bit!",collection,Kevin
2023,176,"Floriferous",collection,Kevin
2023,177,"Cat in the Box: Deluxe Edition",collection,Kevin
2023,178,"Mesozooic",collection,Kevin
2023,179,"Sequence",collection,Kevin
2023,180,"Star Realms: Frontiers",collection,Kevin
2023,181,"Pizza Party",collection,Kevin
2023,182,"Take 5 & Take A Number",collection,Kevin
2023,183,"CATAN",collection,Kevin
2023,184,"S'Mores Wars",collection,Kevin
2023,185,"No Thanks!",collection,Kevin
2023,186,"Hansa Teutonica: Big Box",collection,Kevin
2023,187,"Byzanz",collection,Kevin
2023,188,"High Society",collection,Kevin
2023,189,"Piepmatz",collection,Kevin
2023,190,"Abandon All Artichokes",collection,Kevin
2023,191,"Chickapig",collection,Kevin
2023,192,"Lanterns: The Harvest Festival",collection,Kevin
2023,193,"Survive: Escape from Atlantis!",collection,Kevin
2023,194,"The Chameleon",collection,Kevin
2023,195,"Dice Manor",collection,Kevin
2023,196,"Subastral",collection,Kevin
2023,197,"Electronic Catch Phrase",collection,Kevin
2023,198,"NMBR 9",collection,Kevin
2023,199,"Stratego",collection,Kevin
2023,200,"PARKS",collection,Kevin
2023,201,"The Castles of Burgundy: The Dice Game",collection,Kevin
2023,202,"Pairs",collection,Kevin
2023,203,"Planet",collection,Kevin
2023,204,"Mysterium",collection,Kevin
2023,205,"The Game",collection,Kevin
2023,206,"Scattergories",collection,Kevin
2023,207,"Photosynthesis",collection,Kevin
2023,208,"Phase 10",collection,Kevin
2023,209,"Hive Pocket",collection,Kevin
2023,210,"Century: Golem Edition – Eastern Mountains",collection,Kevin
2023,211,"Perudo",collection,Kevin
2023,212,"The Game of Things",collection,Kevin
2023,213,"Citadels",collection,Kevin
2023,214,"Othello",collection,Kevin
2023,215,"The Game of 49",collection,Kevin
2023,216,"Rivals for Catan: Deluxe",collection,Kevin
2023,217,"Galaxy Trucker",collection,Kevin
2023,218,"Red Flags",collection,Kevin
2023,219,"Lanterns Dice: Lights in the Sky",collection,Kevin
2023,220,"Ticket to Ride",collection,Kevin
2023,221,"Fantasy Realms",collection,Kevin
2023,222,"The Quest for El Dorado",collection,Kevin
2023,223,"What Do You Meme?",collection,Kevin
2023,224,"Kalah",collection,Kevin
2023,225,"7 Wonders",collection,Kevin
2023,226,"Pictomania",collection,Kevin
2023,227,"FUSE",collection,Kevin
2023,228,"Cards Against Humanity",collection,Kevin
2023,229,"Deal or No Deal Card Game",collection,Kevin
2023,230,"Spot it!",collection,Kevin
2023,231,"Pandemic",collection,Kevin
2023,232,"The Isle of Cats",collection,Kevin
2023,233,"UNO: Mario Kart",collection,Kevin
2023,234,"Kingdomino Duel",collection,Kevin
2023,235,"Ticket to Ride: New York",collection,Kevin
2023,236,"Truffle Shuffle",collection,Kevin
2023,237,"Cinco Linko",collection,Kevin
2023,238,"Catan Dice Game",collection,Kevin
2023,239,"The Fox in the Forest",collection,Kevin
2023,240,"Longboard",collection,Kevin
2023,241,"The Crew: The Quest for Planet Nine",collection,Kevin
2023,242,"Risk",collection,Kevin
2023,243,"Taco Cat Goat Cheese Pizza",collection,Kevin
2023,244,"Skip-Bo",collection,Kevin
2023,245,"5211",collection,Kevin
2023,246,"Bloom Town",collection,Kevin
2023,247,"Struggle for Catan",collection,Kevin
2023,248,"Sleeping Queens",collection,Kevin
2023,249,"Trash Pandas",collection,Kevin
2023,250,"Sapiens",collection,Kevin
2023,251,"Memory",collection,Kevin
2023,252,"Monopoly Bid",collection,Kevin
2023,253,"Clue",collection,Kevin
2023,254,"HUE",collection,Kevin
2023,255,"DIG",collection,Kevin
2023,256,"NFL-opoly",collection,Kevin
2023,257,"LIE",collection,Kevin
2023,258,"Hanabi",collection,Kevin
2023,259,"Guess Who?",collection,Kevin
2023,260,"Slamwich",collection,Kevin
2023,261,"Ecosystem",collection,Kevin
2023,262,"Bananagrams",collection,Kevin
2023,263,"Tichu",collection,Kevin
2023,264,"UNO",collection,Kevin
2023,265,"Go Nuts for Donuts",collection,Kevin
2023,266,"Splendor",collection,Kevin
2023,267,"The Mind",collection,Kevin
2023,268,"Puerto Rico",collection,Kevin
2023,269,"Exploding Kittens",collection,Kevin
2023,270,"Mad Gab",collection,Kevin
2023,271,"Guillotine",collection,Kevin
2023,272,"Lowdown",collection,Kevin
2023,273,"ColorFox",collection,Kevin
2023,274,"Monikers: Classics",collection,Kevin
2023,275,"Battleship",collection,Kevin
2023,276,"Blink",collection,Kevin
2023,277,"BraveRats",collection,Kevin
2023,278,"Connect Four",collection,Kevin
2023,279,"Super-Skill Pinball: 4-Cade",collection,Kevin
2023,280,"Tiki Topple",collection,Kevin
2023,281,"You've Got Crabs",collection,Kevin
2023,282,"Rat-a-Tat Cat",collection,Kevin
2023,283,"UNO Dice Game",collection,Kevin
2023,284,"Quelf",collection,Kevin
2023,285,"Cover Your Kingdom",collection,Kevin
2023,286,"1st & Goal",collection,Kevin
2023,287,"LCR",collection,Kevin
2023,288,"UNO Flip!",collection,Kevin
2023,289,"When I Dream",collection,Kevin
2023,290,"Pizza Box Football",collection,Kevin
2023,291,"Labyrinth",collection,Kevin
2023,292,"Snail's Pace Race",collection,Kevin
2023,293,"Exit: The Game – The Abandoned Cabin",collection,Kevin
2024,1,"Forest Shuffle",collection,Kevin
2024,2,"Caesar's Empire",collection,Kevin
2024,3,"The Isle of Cats: Explore & Draw",collection,Kevin
2024,4,"Sushi Go Party!",collection,Kevin
2024,5,"Azul: Queen's Garden",collection,Kevin
2024,6,"Honey Buzz",collection,Kevin
2024,7,"Sagrada",collection,Kevin
2024,8,"Cascadia",collection,Kevin
2024,9,"Earth",collection,Kevin
2024,10,"SETUP",collection,Kevin
2024,11,"Orléans",collection,Kevin
2024,12,"Love Letter",collection,Kevin
2024,13,"Nidavellir",collection,Kevin
2024,14,"Russian Railroads",collection,Kevin
2024,15,"Point Salad",collection,Kevin
2024,16,"Akropolis",collection,Kevin
2024,17,"It's a Wonderful World",collection,Kevin
2024,18,"Namiji",collection,Kevin
2024,19,"Manhattan",collection,Kevin
2024,20,"PUSH",collection,Kevin
2024,21,"Cover Your Assets",collection,Kevin
2024,22,"Point City",collection,Kevin
2024,23,"Everdell Farshore",collection,Kevin
2024,24,"The Quacks of Quedlinburg",collection,Kevin
2024,25,"Living Forest",collection,Kevin
2024,26,"The Castles of Burgundy",collection,Kevin
2024,27,"For Sale",collection,Kevin
2024,28,"Codenames: Pictures",collection,Kevin
2024,29,"Viticulture Essential Edition",collection,Kevin
2024,30,"Toil & Troublez",collection,Kevin
2024,31,"Trek 12: Himalaya",collection,Kevin
2024,32,"Ark Nova",collection,Kevin
2024,33,"SCOUT",collection,Kevin
2024,34,"Wingspan",collection,Kevin
2024,35,"Skull King",collection,Kevin
2024,36,"The Bears and the Bees",collection,Kevin
2024,37,"Pass the Pigs: Pig Party Edition",collection,Kevin
2024,38,"Oh My Goods!",collection,Kevin
2024,39,"Deep Dive",collection,Kevin
2024,40,"Kōhaku",collection,Kevin
2024,41,"Century: Golem Edition – An Endless World",collection,Kevin
2024,42,"The Red Cathedral",collection,Kevin
2024,43,"Gnoming A Round",collection,Kevin
2024,44,"Between Two Cities",collection,Kevin
2024,45,"Trails of Tucana",collection,Kevin
2024,46,"Cat Lady",collection,Kevin
2024,47,"Yak",collection,Kevin
2024,48,"Stockpile: Epic Edition",collection,Kevin
2024,49,"Machi Koro: Bright Lights",collection,Kevin
2024,50,"Monopoly Express",collection,Kevin
2024,51,"Just One",collection,Kevin
2024,52,"Rummikub",collection,Kevin
2024,53,"Dice Miner",collection,Kevin
2024,54,"Picture Perfect",collection,Kevin
2024,55,"San Juan (Second Edition)",collection,Kevin
2024,56,"Subastral",collection,Kevin
2024,57,"Roll for the Galaxy",collection,Kevin
2024,58,"Architects of the West Kingdom",collection,Kevin
2024,59,"Asara",collection,Kevin
2024,60,"7 Wonders Duel",collection,Kevin
2024,61,"Ready Set Bet",collection,Kevin
2024,62,"Paris Connection",collection,Kevin
2024,63,"Monsters on Board",collection,Kevin
2024,64,"Azul: Stained Glass of Sintra",collection,Kevin
2024,65,"Captain Sonar",collection,Kevin
2024,66,"So Clover!",collection,Kevin
2024,67,"Downtown Farmers Market",collection,Kevin
2024,68,"Sunset Over Water",collection,Kevin
2024,69,"Flourish",collection,Kevin
2024,70,"Decrypto",collection,Kevin
2024,71,"Alhambra: Big Box",collection,Kevin
2024,72,"Explorers",collection,Kevin
2024,73,"Caldera Park",collection,Kevin
2024,74,"Bohnanza",collection,Kevin
2024,75,"The Crew: Mission Deep Sea",collection,Kevin
2024,76,"Herbaceous",collection,Kevin
2024,77,"Planted: A Game of Nature & Nurture",collection,Kevin
2024,78,"Splendor",collection,Kevin
2024,79,"Cockroach Poker",collection,Kevin
2024,80,"Fun Facts",collection,Kevin
2024,81,"Ecosystem",collection,Kevin
2024,82,"Mille Fiori",collection,Kevin
2024,83,"Medieval Academy",collection,Kevin
2024,84,"Las Vegas Royale",collection,Kevin
2024,85,"Can't Stop",collection,Kevin
2024,86,"Everdell",collection,Kevin
2024,87,"Coloretto",collection,Kevin
2024,88,"Priorities",collection,Kevin
2024,89,"Blokus",collection,Kevin
2024,90,"Roll'n Bump",collection,Kevin
2024,91,"Imperial Settlers",collection,Kevin
2024,92,"Imhotep",collection,Kevin
2024,93,"Tokaido",collection,Kevin
2024,94,"King of Tokyo",collection,Kevin
2024,95,"Sushi Roll",collection,Kevin
2024,96,"Draftosaurus",collection,Kevin
2024,97,"Hansa Teutonica: Big Box",collection,Kevin
2024,98,"Lanterns: The Harvest Festival",collection,Kevin
2024,99,"Incan Gold",collection,Kevin
2024,100,"Floriferous",collection,Kevin
2024,101,"Nimalia",collection,Kevin
2024,102,"Reef",collection,Kevin
2024,103,"Zombie Dice",collection,Kevin
2024,104,"The Game",collection,Kevin
2024,105,"Blue Lagoon",collection,Kevin
2024,106,"Sushi Go!",collection,Kevin
2024,107,"Wild: Serengeti",collection,Kevin
2024,108,"Wingspan Asia",collection,Kevin
2024,109,"Isle of Skye: From Chieftain to King",collection,Kevin
2024,110,"Monopoly Deal Card Game",collection,Kevin
2024,111,"Pickomino",collection,Kevin
2024,112,"Scram!",collection,Kevin
2024,113,"Reign of Dragoness",collection,Kevin
2024,114,"Camel Up (Second Edition)",collection,Kevin
2024,115,"Le Havre: The Inland Port",collection,Kevin
2024,116,"Chocolatiers",collection,Kevin
2024,117,"Rolling Heights",collection,Kevin
2024,118,"Iquazú",collection,Kevin
2024,119,"Kingdomino",collection,Kevin
2024,120,"Super Mega Lucky Box",collection,Kevin
2024,121,"Dutch Blitz",collection,Kevin
2024,122,"Trekking Through History",collection,Kevin
2024,123,"Arboretum",collection,Kevin
2024,124,"Bamboo",collection,Kevin
2024,125,"Holly Jolly",collection,Kevin
2024,126,"12 Days",collection,Kevin
2024,127,"Ticket to Ride: Europe",collection,Kevin
2024,128,"MANTIS",collection,Kevin
2024,129,"Pictures",collection,Kevin
2024,130,"Azul",collection,Kevin
2024,131,"Ticket to Ride",collection,Kevin
2024,132,"Thurn and Taxis",collection,Kevin
2024,133,"Circle the Wagons",collection,Kevin
2024,134,"Shake That City",collection,Kevin
2024,135,"Century: Golem Edition – Eastern Mountains",collection,Kevin
2024,136,"Telestrations: 12 Player Party Pack",collection,Kevin
2024,137,"Splendor Duel",collection,Kevin
2024,138,"Dog Lover",collection,Kevin
2024,139,"The Castles of Burgundy: The Card Game",collection,Kevin
2024,140,"Silver & Gold",collection,Kevin
2024,141,"Kingdom Builder",collection,Kevin
2024,142,"Space Base",collection,Kevin
2024,143,"Century: Golem Edition",collection,Kevin
2024,144,"That's Pretty Clever!",collection,Kevin
2024,145,"FYFE",collection,Kevin
2024,146,"GPS",collection,Kevin
2024,147,"Dragonheart",collection,Kevin
2024,148,"Quoridor",collection,Kevin
2024,149,"Electronic Catch Phrase",collection,Kevin
2024,150,"Camel Up: Off Season",collection,Kevin
2024,151,"Ticket to Ride: New York",collection,Kevin
2024,152,"Jukem Football (Second Edition)",collection,Kevin
2024,153,"Pit",collection,Kevin
2024,154,"Five Tribes: The Djinns of Naqala",collection,Kevin
2024,155,"CABO (Second Edition)",collection,Kevin
2024,156,"Mille Bornes",collection,Kevin
2024,157,"Juicy Fruits",collection,Kevin
2024,158,"Butterfly",collection,Kevin
2024,159,"Chicken!",collection,Kevin
2024,160,"Museum Suspects",collection,Kevin
2024,161,"Mind Space",collection,Kevin
2024,162,"Mint Works",collection,Kevin
2024,163,"Ka-Ching!",collection,Kevin
2024,164,"Codenames",collection,Kevin
2024,165,"Jaipur",collection,Kevin
2024,166,"Welcome To...",collection,Kevin
2024,167,"Carcassonne",collection,Kevin
2024,168,"Stratego",collection,Kevin
2024,169,"Trekking the World",collection,Kevin
2024,170,"Dominion (Second Edition)",collection,Kevin
2024,171,"Savannah Park",collection,Kevin
2024,172,"Catan Histories: Rise of the Inkas",collection,Kevin
2024,173,"Veggies",collection,Kevin
2024,174,"Illusion",collection,Kevin
2024,175,"Velonimo",collection,Kevin
2024,176,"Cinco Linko",collection,Kevin
2024,177,"The Chameleon",collection,Kevin
2024,178,"Innovation",collection,Kevin
2024,179,"Cartographers",collection,Kevin
2024,180,"New York Zoo",collection,Kevin
2024,181,"Creature Comforts",collection,Kevin
2024,182,"Loot",collection,Kevin
2024,183,"Dice Forge",collection,Kevin
2024,184,"Mountain Goats",collection,Kevin
2024,185,"The Guild of Merchant Explorers",collection,Kevin
2024,186,"Martian Dice",collection,Kevin
2024,187,"Ticket to Ride: First Journey (U.S.)",collection,Kevin
2024,188,"Happy City",collection,Kevin
2024,189,"Star Realms: Frontiers",collection,Kevin
2024,190,"Get Bit!",collection,Kevin
2024,191,"HerStory",collection,Kevin
2024,192,"The Game of Things",collection,Kevin
2024,193,"The Resistance",collection,Kevin
2024,194,"The Quest for El Dorado",collection,Kevin
2024,195,"The Castles of Tuscany",collection,Kevin
2024,196,"High Society",collection,Kevin
2024,197,"Modern Art",collection,Kevin
2024,198,"Anomia",collection,Kevin
2024,199,"Cat in the Box: Deluxe Edition",collection,Kevin
2024,200,"Coup",collection,Kevin
2024,201,"Beacon Patrol",collection,Kevin
2024,202,"Hacienda",collection,Kevin
2024,203,"Dandelions",collection,Kevin
2024,204,"Rattlebones",collection,Kevin
2024,205,"Long Shot: The Dice Game",collection,Kevin
2024,206,"My Lil' Everdell",collection,Kevin
2024,207,"On Tour",collection,Kevin
2024,208,"Beer & Bread",collection,Kevin
2024,209,"Colt Super Express",collection,Kevin
2024,210,"Galaxy Trucker",collection,Kevin
2024,211,"Star Cartel",collection,Kevin
2024,212,"Deep Sea Adventure",collection,Kevin
2024,213,"What Do You Meme?",collection,Kevin
2024,214,"TEN",collection,Kevin
2024,215,"Stone Age",collection,Kevin
2024,216,"The Search for Planet X",collection,Kevin
2024,217,"Dealt!",collection,Kevin
2024,218,"MonsDRAWsity",collection,Kevin
2024,219,"Cryptid",collection,Kevin
2024,220,"Mysterium",collection,Kevin
2024,221,"Chickapig",collection,Kevin
2024,222,"Wits & Wagers Party",collection,Kevin
2024,223,"Mystic Vale",collection,Kevin
2024,224,"Mexican Train",collection,Kevin
2024,225,"Paris: La Cité de la Lumière",collection,Kevin
2024,226,"Flamecraft",collection,Kevin
2024,227,"LIE",collection,Kevin
2024,228,"Qwirkle",collection,Kevin
2024,229,"Phase 10",collection,Kevin
2024,230,"Boomerang",collection,Kevin
2024,231,"Pairs",collection,Kevin
2024,232,"Project L",collection,Kevin
2024,233,"Downforce",collection,Kevin
2024,234,"The Isle of Cats",collection,Kevin
2024,235,"Abducktion",collection,Kevin
2024,236,"Deception: Murder in Hong Kong",collection,Kevin
2024,237,"The Game of 49",collection,Kevin
2024,238,"Blitzkrieg!: World War Two in 20 Minutes",collection,Kevin
2024,239,"Patchwork",collection,Kevin
2024,240,"L.L.A.M.A.",collection,Kevin
2024,241,"Byzanz",collection,Kevin
2024,242,"Quadropolis",collection,Kevin
2024,243,"That's Not a Hat",collection,Kevin
2024,244,"Azul: Summer Pavilion",collection,Kevin
2024,245,"Five Crowns",collection,Kevin
2024,246,"Sequence",collection,Kevin
2024,247,"That Escalated Quickly",collection,Kevin
2024,248,"Backgammon",collection,Kevin
2024,249,"Twin It!",collection,Kevin
2024,250,"Raiders of Scythia",collection,Kevin
2024,251,"Why First?",collection,Kevin
2024,252,"No Thanks!",collection,Kevin
2024,253,"Mesozooic",collection,Kevin
2024,254,"BANG!",collection,Kevin
2024,255,"BANG! The Dice Game",collection,Kevin
2024,256,"Dice Manor",collection,Kevin
2024,257,"Take 5 & Take A Number",collection,Kevin
2024,258,"Survive: Escape from Atlantis!",collection,Kevin
2024,259,"Trails",collection,Kevin
2024,260,"Cards Against Humanity",collection,Kevin
2024,261,"Fantasy Realms",collection,Kevin
2024,262,"BraveRats",collection,Kevin
2024,263,"The Castles of Burgundy: The Dice Game",collection,Kevin
2024,264,"Skull",collection,Kevin
2024,265,"Skip-Bo",collection,Kevin
2024,266,"Secret Hitler",collection,Kevin
2024,267,"Ticket to Ride: Rails & Sails",collection,Kevin
2024,268,"Whirling Witchcraft",collection,Kevin
2024,269,"PARKS",collection,Kevin
2024,270,"Othello",collection,Kevin
2024,271,"Monopoly Bid",collection,Kevin
2024,272,"Struggle for Catan",collection,Kevin
2024,273,"Kings in the Corner",collection,Kevin
2024,274,"The Grizzled",collection,Kevin
2024,275,"First Empires",collection,Kevin
2024,276,"Rhino Hero",collection,Kevin
2024,277,"Citadels",collection,Kevin
2024,278,"Eight-Minute Empire: Legends",collection,Kevin
2024,279,"Exploding Kittens",collection,Kevin
2024,280,"CATAN",collection,Kevin
2024,281,"Pizza Party",collection,Kevin
2024,282,"Sleeping Queens",collection,Kevin
2024,283,"Tiki Topple",collection,Kevin
2024,284,"Power Grid",collection,Kevin
2024,285,"Tapple",collection,Kevin
2024,286,"DIG",collection,Kevin
2024,287,"Taco Cat Goat Cheese Pizza",collection,Kevin
2024,288,"Simon",collection,Kevin
2024,289,"Rivals for Catan: Deluxe",collection,Kevin
2024,290,"Puerto Rico",collection,Kevin
2024,291,"Lowdown",collection,Kevin
2024,292,"Sunny Day Sardines",collection,Kevin
2024,293,"HUE",collection,Kevin
2024,294,"The Fox in the Forest",collection,Kevin
2024,295,"Superfight",collection,Kevin
2024,296,"Taboo",collection,Kevin
2024,297,"Kalah",collection,Kevin
2024,298,"Red Flags",collection,Kevin
2024,299,"Saboteur",collection,Kevin
2024,300,"You've Got Crabs",collection,Kevin
2024,301,"Scattergories",collection,Kevin
2024,302,"Unlock!: Mystery Adventures",collection,Kevin
2024,303,"Jenga",collection,Kevin
2024,304,"Onitama",collection,Kevin
2024,305,"Scotland Yard",collection,Kevin
2024,306,"Bugs on Rugs",collection,Kevin
2024,307,"Slamwich",collection,Kevin
2024,308,"UNO",collection,Kevin
2024,309,"Pictomania",collection,Kevin
2024,310,"Wizard",collection,Kevin
2024,311,"UNO: Mario Kart",collection,Kevin
2024,312,"FUSE",collection,Kevin
2024,313,"Welcome to the Dungeon",collection,Kevin
2024,314,"Aftershock: San Francisco & Venice",collection,Kevin
2024,315,"Hanabi",collection,Kevin
2024,316,"Battleship",collection,Kevin
2024,317,"Risk",collection,Kevin
2024,318,"NFL-opoly",collection,Kevin
2024,319,"Cubitos",collection,Kevin
2024,320,"Deal or No Deal Card Game",collection,Kevin
2024,321,"Ramen Fury",collection,Kevin
2024,322,"Piepmatz",collection,Kevin
2024,323,"Memory",collection,Kevin
2024,324,"Happy Salmon",collection,Kevin
2024,325,"Chinese Checkers",collection,Kevin
2024,326,"Monikers: Classics",collection,Kevin
2024,327,"Trash Pandas",collection,Kevin
2024,328,"Catan Dice Game",collection,Kevin
2024,329,"7 Wonders",collection,Kevin
2024,330,"Tichu",collection,Kevin
2024,331,"Quelf",collection,Kevin
2024,332,"When I Dream",collection,Kevin
2024,333,"Spot it!",collection,Kevin
2024,334,"Cheating Moth",collection,Kevin
2024,335,"Clue",collection,Kevin
2024,336,"Mad Gab Card Game",collection,Kevin
2024,337,"Monopoly Gamer: Mario Kart",collection,Kevin
2024,338,"LCR",collection,Kevin
2024,339,"Mastermind",collection,Kevin
2024,340,"Bananagrams",collection,Kevin
2024,341,"Exit: The Game – The Abandoned Cabin",collection,Kevin
2024,342,"The Mind",collection,Kevin
2024,343,"Pandemic",collection,Kevin
2024,344,"Snail's Pace Race",collection,Kevin
2024,345,"Hive Pocket",collection,Kevin
2024,346,"Guess Who?",collection,Kevin
2024,347,"Blink",collection,Kevin
2024,348,"Connect Four",collection,Kevin
2024,349,"Rory's Story Cubes",collection,Kevin
2024,350,"Don't Break the Ice",collection,Kevin
2024,351,"Stringamajig",collection,Kevin
2025,1,"Forest Shuffle",collection,Kevin
2025,2,"Sushi Go Party!",collection,Kevin
2025,3,"Kōhaku",collection,Kevin
2025,4,"PUSH",collection,Kevin
2025,5,"Caesar's Empire",collection,Kevin
2025,6,"Cartographers",collection,Kevin
2025,7,"Sagrada",collection,Kevin
2025,8,"Solstis",collection,Kevin
2025,9,"In the Footsteps of Darwin",collection,Kevin
2025,10,"FYFE",collection,Kevin
2025,11,"Honey Buzz",collection,Kevin
2025,12,"Dominion (Second Edition)",collection,Kevin
2025,13,"Cities",collection,Kevin
2025,14,"Between Two Cities",collection,Kevin
2025,15,"That's Pretty Clever!",collection,Kevin
2025,16,"Blue Lagoon",collection,Kevin
2025,17,"Codenames: Pictures",collection,Kevin
2025,18,"Rummikub",collection,Kevin
2025,19,"Comic Hunters",collection,Kevin
2025,20,"Butterfly",collection,Kevin
2025,21,"Azul: Queen's Garden",collection,Kevin
2025,22,"Captain Flip",collection,Kevin
2025,23,"Skull King",collection,Kevin
2025,24,"Wilmot's Warehouse",collection,Kevin
2025,25,"The Isle of Cats: Explore & Draw",collection,Kevin
2025,26,"Roll for the Galaxy",collection,Kevin
2025,27,"Paladins of the West Kingdom",collection,Kevin
2025,28,"Quacks",collection,Kevin
2025,29,"Sushi Go!",collection,Kevin
2025,30,"Love Letter",collection,Kevin
2025,31,"7 Wonders: Architects",collection,Kevin
2025,32,"Mountain Goats",collection,Kevin
2025,33,"Viticulture Essential Edition",collection,Kevin
2025,34,"Everdell",collection,Kevin
2025,35,"Monopoly Express",collection,Kevin
2025,36,"Dice Miner",collection,Kevin
2025,37,"Orléans",collection,Kevin
2025,38,"Everdell Farshore",collection,Kevin
2025,39,"Alhambra: Big Box",collection,Kevin
2025,40,"Point City",collection,Kevin
2025,41,"My Shelfie: The Dice Game",collection,Kevin
2025,42,"SETUP",collection,Kevin
2025,43,"Creature Comforts",collection,Kevin
2025,44,"Floriferous",collection,Kevin
2025,45,"Caldera Park",collection,Kevin
2025,46,"Knarr",collection,Kevin
2025,47,"Namiji",collection,Kevin
2025,48,"Stone Age",collection,Kevin
2025,49,"Dutch Blitz",collection,Kevin
2025,50,"Manhattan",collection,Kevin
2025,51,"It's a Wonderful World",collection,Kevin
2025,52,"Trio",collection,Kevin
2025,53,"Nunatak: Temple of Ice",collection,Kevin
2025,54,"Illusion",collection,Kevin
2025,55,"The Bears and the Bees",collection,Kevin
2025,56,"Raiders of the North Sea",collection,Kevin
2025,57,"For Sale",collection,Kevin
2025,58,"Cover Your Assets",collection,Kevin
2025,59,"MANTIS",collection,Kevin
2025,60,"Can't Stop",collection,Kevin
2025,61,"Dragonkeepers",collection,Kevin
2025,62,"Earth",collection,Kevin
2025,63,"Istanbul",collection,Kevin
2025,64,"Azul: Stained Glass of Sintra",collection,Kevin
2025,65,"Architects of the West Kingdom",collection,Kevin
2025,66,"Memoarrr!",collection,Kevin
2025,67,"Cascadia",collection,Kevin
2025,68,"Mille Fiori",collection,Kevin
2025,69,"Subastral",collection,Kevin
2025,70,"Five Tribes: The Djinns of Naqala",collection,Kevin
2025,71,"Wandering Towers",collection,Kevin
2025,72,"Russian Railroads",collection,Kevin
2025,73,"Picture Perfect",collection,Kevin
2025,74,"Nidavellir",collection,Kevin
2025,75,"Lure",collection,Kevin
2025,76,"The Castles of Burgundy",collection,Kevin
2025,77,"The Red Cathedral",collection,Kevin
2025,78,"Las Vegas Royale",collection,Kevin
2025,79,"Little Devils",collection,Kevin
2025,80,"Silver & Gold",collection,Kevin
2025,81,"Trek 12: Himalaya",collection,Kevin
2025,82,"Stratego",collection,Kevin
2025,83,"Link City",collection,Kevin
2025,84,"Priorities",collection,Kevin
2025,85,"Looot",collection,Kevin
2025,86,"Savannah Park",collection,Kevin
2025,87,"Planted: A Game of Nature & Nurture",collection,Kevin
2025,88,"Quoridor",collection,Kevin
2025,89,"Dog Lover",collection,Kevin
2025,90,"Codenames",collection,Kevin
2025,91,"Downtown Farmers Market",collection,Kevin
2025,92,"Stockpile: Epic Edition",collection,Kevin
2025,93,"What Do You Meme?",collection,Kevin
2025,94,"Downforce",collection,Kevin
2025,95,"Martian Dice",collection,Kevin
2025,96,"Forever Home",collection,Kevin
2025,97,"SCOUT",collection,Kevin
2025,98,"Happy City",collection,Kevin
2025,99,"Juicy Fruits",collection,Kevin
2025,100,"Five Crowns",collection,Kevin
2025,101,"Cascadia: Rolling Rivers",collection,Kevin
2025,102,"Lanterns: The Harvest Festival",collection,Kevin
2025,103,"Mille Bornes",collection,Kevin
2025,104,"So Clover!",collection,Kevin
2025,105,"Kingdomino",collection,Kevin
2025,106,"Deep Dive",collection,Kevin
2025,107,"Ticket to Ride",collection,Kevin
2025,108,"Ransom Notes",collection,Kevin
2025,109,"Pass the Pigs: Pig Party Edition",collection,Kevin
2025,110,"Twin It!",collection,Kevin
2025,111,"Trails of Tucana",collection,Kevin
2025,112,"Elawa",collection,Kevin
2025,113,"Century: Golem Edition – An Endless World",collection,Kevin
2025,114,"Hansa Teutonica: Big Box",collection,Kevin
2025,115,"Living Forest",collection,Kevin
2025,116,"Monsters on Board",collection,Kevin
2025,117,"Loot",collection,Kevin
2025,118,"The Game of Things",collection,Kevin
2025,119,"Monopoly Deal Card Game",collection,Kevin
2025,120,"Kingdom Builder",collection,Kevin
2025,121,"Splito",collection,Kevin
2025,122,"Telestrations: 12 Player Party Pack",collection,Kevin
2025,123,"Lost Cities: Rivals",collection,Kevin
2025,124,"Flip 7",collection,Kevin
2025,125,"Azul",collection,Kevin
2025,126,"Harmonies",collection,Kevin
2025,127,"Explorers",collection,Kevin
2025,128,"Coloretto",collection,Kevin
2025,129,"Asara",collection,Kevin
2025,130,"Splendor Duel",collection,Kevin
2025,131,"Herbaceous",collection,Kevin
2025,132,"Dorfromantik: The Board Game",collection,Kevin
2025,133,"Middle Ages",collection,Kevin
2025,134,"Blokus",collection,Kevin
2025,135,"Sunrise Lane",collection,Kevin
2025,136,"Pixies",collection,Kevin
2025,137,"Point Salad",collection,Kevin
2025,138,"Fairy Ring",collection,Kevin
2025,139,"Camel Up (Second Edition)",collection,Kevin
2025,140,"The Game",collection,Kevin
2025,141,"Century: Golem Edition – Eastern Mountains",collection,Kevin
2025,142,"San Juan (Second Edition)",collection,Kevin
2025,143,"Loco Momo",collection,Kevin
2025,144,"Museum Suspects",collection,Kevin
2025,145,"Space Base",collection,Kevin
2025,146,"Castle Combo",collection,Kevin
2025,147,"Trekking Through History",collection,Kevin
2025,148,"CABO (Second Edition)",collection,Kevin
2025,149,"Catan Histories: Rise of the Inkas",collection,Kevin
2025,150,"Electronic Catch Phrase",collection,Kevin
2025,151,"Nimalia",collection,Kevin
2025,152,"Azul Duel",collection,Kevin
2025,153,"Land vs Sea",collection,Kevin
2025,154,"Imhotep",collection,Kevin
2025,155,"Zombie Dice",collection,Kevin
2025,156,"QE",collection,Kevin
2025,157,"Pit",collection,Kevin
2025,158,"Century: Golem Edition",collection,Kevin
2025,159,"Raiders of Scythia",collection,Kevin
2025,160,"Welcome To...",collection,Kevin
2025,161,"Super Mega Lucky Box",collection,Kevin
2025,162,"Pictures",collection,Kevin
2025,163,"Rolling Realms",collection,Kevin
2025,164,"Captain Sonar",collection,Kevin
2025,165,"Dandelions",collection,Kevin
2025,166,"Reef",collection,Kevin
2025,167,"Seaside",collection,Kevin
2025,168,"Roll'n Bump",collection,Kevin
2025,169,"Sushi Roll",collection,Kevin
2025,170,"Vegetable Stock",collection,Kevin
2025,171,"Oh My Goods!",collection,Kevin
2025,172,"New York Zoo",collection,Kevin
2025,173,"Sequence",collection,Kevin
2025,174,"Gnoming A Round",collection,Kevin
2025,175,"Faraway",collection,Kevin
2025,176,"Noctiluca",collection,Kevin
2025,177,"Toil & Troublez",collection,Kevin
2025,178,"Deep Sea Adventure",collection,Kevin
2025,179,"Tokaido",collection,Kevin
2025,180,"Wizard",collection,Kevin
2025,181,"Ticket to Ride: Europe",collection,Kevin
2025,182,"Queendomino",collection,Kevin
2025,183,"Viscounts of the West Kingdom",collection,Kevin
2025,184,"Hearts of AttrAction",collection,Kevin
2025,185,"Via Magica",collection,Kevin
2025,186,"A Gentle Rain",collection,Kevin
2025,187,"Ticket to Ride: The Card Game",collection,Kevin
2025,188,"Imperial Settlers",collection,Kevin
2025,189,"Roll to the Top: Journeys",collection,Kevin
2025,190,"Ecosystem",collection,Kevin
2025,191,"Phase 10",collection,Kevin
2025,192,"Qwirkle",collection,Kevin
2025,193,"Chickapig",collection,Kevin
2025,194,"Sequoia",collection,Kevin
2025,195,"Joan of Arc: Orléans Draw & Write",collection,Kevin
2025,196,"Medieval Academy",collection,Kevin
2025,197,"Bellz!",collection,Kevin
2025,198,"Exploding Kittens",collection,Kevin
2025,199,"Just One",collection,Kevin
2025,200,"Jaipur",collection,Kevin
2025,201,"Boomerang",collection,Kevin
2025,202,"Dragonheart",collection,Kevin
2025,203,"Jukem Football (Second Edition)",collection,Kevin
2025,204,"Incan Gold",collection,Kevin
2025,205,"Cockroach Poker",collection,Kevin
2025,206,"L.L.A.M.A.",collection,Kevin
2025,207,"King of Tokyo",collection,Kevin
2025,208,"Bohnanza",collection,Kevin
2025,209,"The Crew: Mission Deep Sea",collection,Kevin
2025,210,"Akropolis",collection,Kevin
2025,211,"Thurn and Taxis",collection,Kevin
2025,212,"GPS",collection,Kevin
2025,213,"Sunset Over Water",collection,Kevin
2025,214,"Fun Facts",collection,Kevin
2025,215,"Draftosaurus",collection,Kevin
2025,216,"Biomos",collection,Kevin
2025,217,"Byzanz",collection,Kevin
2025,218,"Coup",collection,Kevin
2025,219,"Taco Cat Goat Cheese Pizza",collection,Kevin
2025,220,"The Castles of Burgundy: The Card Game",collection,Kevin
2025,221,"The White Castle",collection,Kevin
2025,222,"Machi Koro: Bright Lights, Big City",collection,Kevin
2025,223,"Ark Nova",collection,Kevin
2025,224,"Carcassonne",collection,Kevin
2025,225,"Backgammon",collection,Kevin
2025,226,"Splendor",collection,Kevin
2025,227,"Tinderblox",collection,Kevin
2025,228,"SNCF: France & Germany",collection,Kevin
2025,229,"The Game of 49",collection,Kevin
2025,230,"Trekking the World",collection,Kevin
2025,231,"Shake That City",collection,Kevin
2025,232,"Ramen Fury",collection,Kevin
2025,233,"Ticket to Ride: First Journey (U.S.)",collection,Kevin
2025,234,"Wild: Serengeti",collection,Kevin
2025,235,"Welcome to Everdell",collection,Kevin
2025,236,"That's Not a Hat",collection,Kevin
2025,237,"Dice Forge",collection,Kevin
2025,238,"The Castles of Tuscany",collection,Kevin
2025,239,"Cinco Linko",collection,Kevin
2025,240,"The Resistance",collection,Kevin
2025,241,"Wyrmspan",collection,Kevin
2025,242,"Superfight",collection,Kevin
2025,243,"Cabanga!",collection,Kevin
2025,244,"Mexican Train",collection,Kevin
2025,245,"Wingspan Asia",collection,Kevin
2025,246,"TEN",collection,Kevin
2025,247,"Skull",collection,Kevin
2025,248,"Mind Space",collection,Kevin
2025,249,"Hacienda",collection,Kevin
2025,250,"The Guild of Merchant Explorers",collection,Kevin
2025,251,"Kings in the Corner",collection,Kevin
2025,252,"Saboteur",collection,Kevin
2025,253,"Scram!",collection,Kevin
2025,254,"Kalah",collection,Kevin
2025,255,"La Isla",collection,Kevin
2025,256,"Ticket to Ride: Rails & Sails",collection,Kevin
2025,257,"Chicken!",collection,Kevin
2025,258,"Ready Set Bet",collection,Kevin
2025,259,"Mesozooic",collection,Kevin
2025,260,"Project L",collection,Kevin
2025,261,"Flamecraft",collection,Kevin
2025,262,"That Escalated Quickly",collection,Kevin
2025,263,"ito",collection,Kevin
2025,264,"Romi Rami",collection,Kevin
2025,265,"On Tour",collection,Kevin
2025,266,"Reign of Dragoness",collection,Kevin
2025,267,"The Chameleon",collection,Kevin
2025,268,"The Quest for El Dorado",collection,Kevin
2025,269,"Cat Lady",collection,Kevin
2025,270,"Othello",collection,Kevin
2025,271,"Pickomino",collection,Kevin
2025,272,"Chinese Checkers",collection,Kevin
2025,273,"Decrypto",collection,Kevin
2025,274,"BANG! The Dice Game",collection,Kevin
2025,275,"HerStory",collection,Kevin
2025,276,"Rolling Heights",collection,Kevin
2025,277,"Iquazú",collection,Kevin
2025,278,"Ka-Ching!",collection,Kevin
2025,279,"Mystic Vale",collection,Kevin
2025,280,"The Isle of Cats Duel",collection,Kevin
2025,281,"First Rat",collection,Kevin
2025,282,"High Society",collection,Kevin
2025,283,"CATAN",collection,Kevin
2025,284,"Azul: Summer Pavilion",collection,Kevin
2025,285,"Secret Hitler",collection,Kevin
2025,286,"Cubitos",collection,Kevin
2025,287,"BANG!",collection,Kevin
2025,288,"Ticket to Ride: New York",collection,Kevin
2025,289,"No Thanks!",collection,Kevin
2025,290,"Blitzkrieg!: World War Two in 20 Minutes",collection,Kevin
2025,291,"The Castles of Burgundy: The Dice Game",collection,Kevin
2025,292,"Wingspan",collection,Kevin
2025,293,"MonsDRAWsity",collection,Kevin
2025,294,"Take 5 & Take A Number",collection,Kevin
2025,295,"Rivals for Catan: Deluxe",collection,Kevin
2025,296,"7 Wonders Duel",collection,Kevin
2025,297,"Red Flags",collection,Kevin
2025,298,"Dealt!",collection,Kevin
2025,299,"Bamboo",collection,Kevin
2025,300,"Cards Against Humanity",collection,Kevin
2025,301,"PARKS",collection,Kevin
2025,302,"BraveRats",collection,Kevin
2025,303,"Anomia",collection,Kevin
2025,304,"Pairs",collection,Kevin
2025,305,"Hive Pocket",collection,Kevin
2025,306,"Velonimo",collection,Kevin
2025,307,"FUSE",collection,Kevin
2025,308,"7 Wonders",collection,Kevin
2025,309,"Claim It!",collection,Kevin
2025,310,"Scattergories",collection,Kevin
2025,311,"The Isle of Cats",collection,Kevin
2025,312,"Happy Salmon",collection,Kevin
2025,313,"Innovation",collection,Kevin
2025,314,"Nacho Pile",collection,Kevin
2025,315,"Tapple",collection,Kevin
2025,316,"Veggies",collection,Kevin
2025,317,"Holly Jolly",collection,Kevin
2025,318,"UNO: Mario Kart",collection,Kevin
2025,319,"Monopoly Bid",collection,Kevin
2025,320,"Rhino Hero",collection,Kevin
2025,321,"Mint Works",collection,Kevin
2025,322,"Trails",collection,Kevin
2025,323,"Struggle for Catan",collection,Kevin
2025,324,"Jenga",collection,Kevin
2025,325,"Why First?",collection,Kevin
2025,326,"Tzolk'in: The Mayan Calendar",collection,Kevin
2025,327,"Battleship",collection,Kevin
2025,328,"Bugs on Rugs",collection,Kevin
2025,329,"Taboo",collection,Kevin
2025,330,"Chess",collection,Kevin
2025,331,"Connect Four",collection,Kevin
2025,332,"Deal or No Deal Card Game",collection,Kevin
2025,333,"Pizza Party",collection,Kevin
2025,334,"Tiki Topple",collection,Kevin
2025,335,"Sunny Day Sardines",collection,Kevin
2025,336,"Spot it!",collection,Kevin
2025,337,"12 Days",collection,Kevin
2025,338,"UNO",collection,Kevin
2025,339,"Monopoly Gamer: Mario Kart",collection,Kevin
2025,340,"Long Shot: The Dice Game",collection,Kevin
2025,341,"Bingo",collection,Kevin
2025,342,"Clue",collection,Kevin
2025,343,"When I Dream",collection,Kevin
2025,344,"Risk",collection,Kevin
2025,345,"Piepmatz",collection,Kevin
2025,346,"Welcome to the Dungeon",collection,Kevin
2025,347,"Isle of Skye: From Chieftain to King",collection,Kevin
2025,348,"Kinfire Delve: Vainglory's Grotto",collection,Kevin
2025,349,"Power Grid",collection,Kevin
2025,350,"LIE",collection,Kevin
2025,351,"DIG",collection,Kevin
2025,352,"Arboretum",collection,Kevin
2025,353,"Dice Manor",collection,Kevin
2025,354,"Lowdown",collection,Kevin
2025,355,"Puerto Rico",collection,Kevin
2025,356,"Mad Gab Card Game",collection,Kevin
2025,357,"Poetry for Neanderthals",collection,Kevin
2025,358,"Blank Slate",collection,Kevin
2025,359,"Catan Dice Game",collection,Kevin
2025,360,"Get Bit!",collection,Kevin
2025,361,"Colt Super Express",collection,Kevin
2025,362,"Simon",collection,Kevin
2025,363,"Skyjo",collection,Kevin
2025,364,"Quadropolis",collection,Kevin
2025,365,"First Empires",collection,Kevin
2025,366,"Wits & Wagers Party",collection,Kevin
2025,367,"Patchwork",collection,Kevin
2025,368,"Star Realms: Frontiers",collection,Kevin
2025,369,"Parkade",collection,Kevin
2025,370,"Galaxy Trucker",collection,Kevin
2025,371,"Deception: Murder in Hong Kong",collection,Kevin
2025,372,"Mastermind",collection,Kevin
2025,373,"Rattlebones",collection,Kevin
2025,374,"Terraforming Mars: Ares Expedition",collection,Kevin
2025,375,"Guess Who?",collection,Kevin
2025,376,"Yahtzee",collection,Kevin
2025,377,"Exit: The Game – The Abandoned Cabin",collection,Kevin
2025,378,"NFL-opoly",collection,Kevin
2025,379,"Sleeping Queens",collection,Kevin
2025,380,"Pandemic",collection,Kevin
2025,381,"Memory",collection,Kevin
2025,382,"Quelf",collection,Kevin
2025,383,"Stringamajig",collection,Kevin
2025,384,"Checkers",collection,Kevin
2025,385,"The Mind",collection,Kevin
2025,386,"Don't Break the Ice",collection,Kevin
2025,387,"Bananagrams",collection,Kevin
2025,388,"Hanabi",collection,Kevin
2025,389,"Monikers: Classics",collection,Kevin
2025,390,"Slamwich",collection,Kevin
2025,391,"Onitama",collection,Kevin
2025,392,"Green Team Wins",collection,Kevin
2025,393,"13 Words",collection,Kevin
2025,394,"Tichu",collection,Kevin
2025,395,"Skip-Bo",collection,Kevin
2025,396,"Blink",collection,Kevin
2025,397,"On a Scale of One to T-Rex",collection,Kevin
2025,398,"LCR",collection,Kevin
2025,399,"Herd Mentality",collection,Kevin
2025,400,"HUE",collection,Kevin
2025,401,"The Fox in the Forest",collection,Kevin
2025,402,"Glitch Squad",collection,Kevin
2025,403,"Cribbage",collection,Kevin
2025,404,"Snail's Pace Race",collection,Kevin
2025,405,"Arne",collection,Kevin
2025,406,"Tic-Tac-Toe",collection,Kevin
2024,1,"Ark Nova",collection,Tiffany
2024,2,"Forest Shuffle",collection,Tiffany
2024,3,"Gentle Rain",collection,Tiffany
2024,4,"Monsters on Board",collection,Tiffany
2024,5,"Azul: Summer Pavilion",collection,Tiffany
2024,6,"Paladins of the West Kingdom",collection,Tiffany
2024,7,"Happy City",collection,Tiffany
2024,8,"Mountain Goats",collection,Tiffany
2024,9,"Azul: Queen's Garden",collection,Tiffany
2024,10,"Everdell Farshore",collection,Tiffany
2024,11,"Sagrada",collection,Tiffany
2024,12,"Caldera Park",collection,Tiffany
2024,13,"Pass the Pigs: Pig Party Edition",collection,Tiffany
2024,14,"Las Vegas Royale",collection,Tiffany
2024,15,"Viscounts of the West Kingdom",collection,Tiffany
2024,16,"Cascadia",collection,Tiffany
2024,17,"Kinfire Delve",collection,Tiffany
2024,18,"Ecosystem",collection,Tiffany
2024,19,"Century: Golem Edition",collection,Tiffany
2024,20,"Wild: Serengeti",collection,Tiffany
2024,21,"Savannah Park",collection,Tiffany
2024,22,"Azul",collection,Tiffany
2024,23,"Splendor Duel",collection,Tiffany
2024,24,"Blokus",collection,Tiffany
2024,25,"Earth",collection,Tiffany
2024,26,"Mille Fiori",collection,Tiffany
2024,27,"7 Wonders: Architects",collection,Tiffany
2024,28,"Welcome To...",collection,Tiffany
2023,1,"Ark Nova",collection,Tiffany
2023,2,"Earth",collection,Tiffany
2023,3,"Monsters on Board",collection,Tiffany
2023,4,"Everdell Farshore",collection,Tiffany
2023,5,"7 Wonders: Architects",collection,Tiffany
2023,6,"Wild: Serengeti",collection,Tiffany
2023,7,"Wingspan",collection,Tiffany
2023,8,"Azul: Queen's Garden",collection,Tiffany
2023,9,"Viticulture Essential Edition",collection,Tiffany
2023,10,"Las Vegas Royale",collection,Tiffany
2023,11,"Azul",collection,Tiffany
2023,12,"Deep Dive",collection,Tiffany
2023,13,"Paleo",collection,Tiffany
2023,14,"Mille Fiori",collection,Tiffany
2023,15,"Everdell",collection,Tiffany
2023,16,"Savannah Park",collection,Tiffany
2023,17,"Cascadia",collection,Tiffany
2023,18,"Akropolis",collection,Tiffany
2023,19,"New York Zoo",collection,Tiffany
2023,20,"Azul Chocolatier",collection,Tiffany
2023,21,"Project L",collection,Tiffany
2023,22,"Century: Golem Edition",collection,Tiffany
2023,23,"Honey Buzz",collection,Tiffany
2023,24,"Happy City",collection,Tiffany
2023,25,"Can't Stop",collection,Tiffany
2023,26,"Manhattan",collection,Tiffany
2023,27,"Cover Your Assets",collection,Tiffany
2023,28,"The Fox in the Forest",collection,Tiffany
2023,29,"Orléans",collection,Tiffany
2023,30,"Splendor Duel",collection,Tiffany
2023,31,"SCOUT",collection,Tiffany
2023,32,"Pictures",collection,Tiffany
2023,33,"The Isle of Cats: Explore & Draw",collection,Tiffany
2023,34,"Sagrada",collection,Tiffany
2023,35,"Creature Comforts",collection,Tiffany
2023,36,"Roll to the Top",collection,Tiffany
2023,37,"Qwixx",collection,Tiffany
2023,38,"Welcome To...",collection,Tiffany
2023,39,"Blokus",collection,Tiffany
2023,40,"Nidavellir",collection,Tiffany
2023,41,"Dominion (Second Edition)",collection,Tiffany
2023,42,"Mountain Goats",collection,Tiffany
2023,43,"Illusion",collection,Tiffany
2023,44,"Gnoming A Round",collection,Tiffany
2023,45,"Explorers",collection,Tiffany
2023,46,"Hand and Foot",collection,Tiffany
2023,47,"Pass the Pigs: Pig Party Edition",collection,Tiffany
2022,1,"Wingspan",collection,Tiffany
2022,2,"Azul Queens Garden",collection,Tiffany
2022,3,"Azul",collection,Tiffany
2022,4,"Welcome To",collection,Tiffany
2022,5,"Cascadia",collection,Tiffany
2022,6,"Gnoming Around",collection,Tiffany
2022,7,"Cover Your Assets",collection,Tiffany
2022,8,"Bears and Bees",collection,Tiffany
2022,9,"Stockpile",collection,Tiffany
2022,10,"Century Spice Road",collection,Tiffany
2022,11,"Star Realms",collection,Tiffany
2022,12,"Nidavellir",collection,Tiffany
2022,13,"Super Mega Lucky Box",collection,Tiffany
2022,14,"Savannah Park",collection,Tiffany
2022,15,"Monopoly Dice",collection,Tiffany
2022,16,"Castles of Burgundy Dice",collection,Tiffany
2022,17,"Llama",collection,Tiffany
2022,18,"Isle of Cats: Explore and Draw",collection,Tiffany
2022,19,"Mystic Vale",collection,Tiffany
2022,20,"That's Pretty Clever",collection,Tiffany
2022,21,"It's a Wonderful World",collection,Tiffany
2022,22,"Parks",collection,Tiffany
2022,23,"Orleans",collection,Tiffany
2022,24,"Castles of Burgundy",collection,Tiffany
2022,25,"Blokus",collection,Tiffany
2022,26,"Hand and Foot",collection,Tiffany
2022,27,"Martian Dice",collection,Tiffany
2022,28,"Spades",collection,Tiffany
2022,29,"Pit",collection,Tiffany
2022,30,"New York Zoo",collection,Tiffany
2022,31,"Zombie Dice",collection,Tiffany
2022,32,"Dominion",collection,Tiffany
2022,33,"Patchwork",collection,Tiffany
2025,1,"Viticulture","Home Convention August",Kevin
2025,2,"Kōhaku","Home Convention August",Kevin
2025,3,"Russian Railroads","Home Convention August",Kevin
2025,4,"Flip 7","Home Convention August",Kevin
2025,5,"Honey Buzz","Home Convention August",Kevin
2025,6,"Loco Momo","Home Convention August",Kevin
2025,7,"Istanbul","Home Convention August",Kevin
2025,8,"Biomos","Home Convention August",Kevin
2025,9,"Blue Lagoon","Home Convention August",Kevin
2025,10,"Iquazú","Home Convention August",Kevin
2025,11,"Quadropolis","Home Convention August",Kevin
2025,12,"Wyrmspan","Home Convention August",Kevin
2025,13,"FYFE","Home Convention August",Kevin
2025,14,"Elawa","Home Convention August",Kevin
2025,15,"Azul Duel","Home Convention August",Kevin
2025,16,"Byzanz","Home Convention August",Kevin
2025,17,"The Isle of Cats Duel","Home Convention August",Kevin
2025,18,"MANTIS","Home Convention August",Kevin
2025,19,"Seaside","Home Convention August",Kevin
2025,20,"Sunrise Lane","Home Convention August",Kevin
2025,21,"Comic Hunters","Home Convention August",Kevin
2025,22,"Cabanga","Home Convention August",Kevin
2025,23,"Qwingo","Home Convention August",Kevin
2025,24,"Kariba","Home Convention August",Kevin
2025,25,"Ramen Fury","Home Convention August",Kevin
2025,26,"Twin it","Home Convention August",Kevin
2025,27,"Art robbery","Home Convention August",Kevin
2025,28,"Vegetable stock","Home Convention August",Kevin
2025,29,"Tinderblox","Home Convention August",Kevin
2025,30,"Sequoia","Home Convention August",Kevin
2025,31,"Monopoly bid","Home Convention August",Kevin
2025,32,"Qwinto","Home Convention August",Kevin
2025,33,"Land vs sea","Home Convention August",Kevin
2025,34,"Ten","Home Convention August",Kevin
2025,35,"Rhino hero","Home Convention August",Kevin
2025,36,"Rattlebones","Home Convention August",Kevin
2025,37,"Don't break the ice","Home Convention August",Kevin
2025,1,"Paladins of the West Kingdom","Home Convention January",Kevin
2025,2,"Solstis","Home Convention January",Kevin
2025,3,"PUSH","Home Convention January",Kevin
2025,4,"Lost Cities: Rivals","Home Convention January",Kevin
2025,5,"Flip 7","Home Convention January",Kevin
2025,6,"Captain Flip","Home Convention January",Kevin
2025,7,"Cities","Home Convention January",Kevin
2025,8,"Downtown Farmers Market","Home Convention January",Kevin
2025,9,"Pass the Pigs","Home Convention January",Kevin
2025,10,"Trekking Through History","Home Convention January",Kevin
2025,11,"Middle Ages","Home Convention January",Kevin
2025,12,"Wandering Towers","Home Convention January",Kevin
2025,13,"Little Devils","Home Convention January",Kevin
2025,14,"Via Magica","Home Convention January",Kevin
2025,15,"SETUP","Home Convention January",Kevin
2025,16,"The Guild of Merchant Explorers","Home Convention January",Kevin
2025,17,"Piepmatz","Home Convention January",Kevin
2025,18,"HerStory","Home Convention January",Kevin
2025,19,"Cockroach Poker Royal","Home Convention January",Kevin
2025,20,"Monsters on Board","Home Convention January",Kevin
2025,21,"Sunset Over Water","Home Convention January",Kevin
2025,22,"Ka-Ching!","Home Convention January",Kevin
2025,23,"Caesar!: Seize Rome in 20 Minutes!","Home Convention January",Kevin
2025,24,"That's Not a Hat","Home Convention January",Kevin
2025,25,"Coloretto","Home Convention January",Kevin
2025,26,"Whirling Witchcraft","Home Convention January",Kevin
2025,27,"BraveRats","Home Convention January",Kevin
2025,28,"Hive Pocket","Home Convention January",Kevin
2025,29,"Othello","Home Convention January",Kevin
2025,30,"Bugs on Rugs","Home Convention January",Kevin
2025,31,"Odin","Home Convention January",Kevin
2025,32,"Mastermind","Home Convention January",Kevin
2025,33,"HUE","Home Convention January",Kevin
2025,34,"Flourish","Home Convention January",Kevin
2025,35,"Onitama","Home Convention January",Kevin
2025,36,"Yak","Home Convention January",Kevin
2025,37,"Custom Heroes","Home Convention January",Kevin
2025,38,"Tokaido Duo","Home Convention January",Kevin
2025,39,"Sunny Day Sardines","Home Convention January",Kevin
2025,40,"Moon Adventure","Home Convention January",Kevin
2025,41,"Star Cartel","Home Convention January",Kevin
2025,42,"Deal or No Deal Card Game","Home Convention January",Kevin
2025,43,"Circle the Wagons","Home Convention January",Kevin
2025,44,"The Great Heartland Hauling Co","Home Convention January",Kevin
2025,45,"Arne","Home Convention January",Kevin
2025,46,"Backyard Builders Treehouse","Home Convention January",Kevin
2025,1,"Rebirth","Dice Tower West 2025",Kevin
2025,2,"Life of the Amazonia","Dice Tower West 2025",Kevin
2025,3,"Nunatak","Dice Tower West 2025",Kevin
2025,4,"Bomb Busters","Dice Tower West 2025",Kevin
2025,5,"Nyakuza","Dice Tower West 2025",Kevin
2025,6,"Windmill valley","Dice Tower West 2025",Kevin
2025,7,"Fellowship of the ring","Dice Tower West 2025",Kevin
2025,8,"Adventure Land","Dice Tower West 2025",Kevin
2025,9,"Kyoto no Neko","Dice Tower West 2025",Kevin
2025,10,"Brilliant","Dice Tower West 2025",Kevin
2025,11,"Hutan","Dice Tower West 2025",Kevin
2025,12,"Finspan","Dice Tower West 2025",Kevin
2025,13,"Mezen","Dice Tower West 2025",Kevin
2025,14,"Floresta","Dice Tower West 2025",Kevin
2025,15,"Mesos","Dice Tower West 2025",Kevin
2025,16,"Santa's workshop","Dice Tower West 2025",Kevin
2025,17,"Gasha","Dice Tower West 2025",Kevin
2025,18,"Nova Luna","Dice Tower West 2025",Kevin
2025,19,"Skyrise","Dice Tower West 2025",Kevin
2025,20,"Capybara cookie club","Dice Tower West 2025",Kevin
2025,21,"Vale of eternity","Dice Tower West 2025",Kevin
2025,22,"Takenokolor","Dice Tower West 2025",Kevin
2025,23,"Score Cards","Dice Tower West 2025",Kevin
2025,24,"Mino dice","Dice Tower West 2025",Kevin
2025,25,"Nuts so fast","Dice Tower West 2025",Kevin
2025,26,"My city roll and build","Dice Tower West 2025",Kevin
2025,27,"Planetfall","Dice Tower West 2025",Kevin
2025,28,"Jewels for emperor penguins","Dice Tower West 2025",Kevin
2025,29,"Tasso Banana","Dice Tower West 2025",Kevin
2025,30,"Right on time","Dice Tower West 2025",Kevin
2025,31,"Drop it","Dice Tower West 2025",Kevin
2025,32,"Ito","Dice Tower West 2025",Kevin
2025,33,"Hearts of Attraction","Dice Tower West 2025",Kevin
2025,34,"San Francisco","Dice Tower West 2025",Kevin
2025,35,"Bug off","Dice Tower West 2025",Kevin
2025,36,"Combo","Dice Tower West 2025",Kevin
2025,37,"Ultimatch","Dice Tower West 2025",Kevin
2025,38,"Men at work","Dice Tower West 2025",Kevin
2025,39,"321 Countdown","Dice Tower West 2025",Kevin
2025,40,"Sea dragons","Dice Tower West 2025",Kevin
2025,41,"Tack","Dice Tower West 2025",Kevin
2025,42,"Sardegna","Dice Tower West 2025",Kevin
2025,43,"Ai space puzzle","Dice Tower West 2025",Kevin
2025,44,"Blast track","Dice Tower West 2025",Kevin
2025,45,"Flamme rouge","Dice Tower West 2025",Kevin
2025,46,"Zooloretto dice game","Dice Tower West 2025",Kevin
2025,47,"Les toits de Paris","Dice Tower West 2025",Kevin
2025,48,"Krakel orakel","Dice Tower West 2025",Kevin
2025,49,"Claim it","Dice Tower West 2025",Kevin
2025,50,"Penguin party","Dice Tower West 2025",Kevin
2025,51,"Bites","Dice Tower West 2025",Kevin
2025,52,"Xylotar","Dice Tower West 2025",Kevin
2025,53,"Ecosystem savana","Dice Tower West 2025",Kevin
2025,54,"The Spill","Dice Tower West 2025",Kevin
2025,55,"American bookshop","Dice Tower West 2025",Kevin
2025,56,"Roll in one","Dice Tower West 2025",Kevin
2025,57,"Harvest","Dice Tower West 2025",Kevin
2025,58,"Rivages","Dice Tower West 2025",Kevin
2025,59,"Wildlife safari","Dice Tower West 2025",Kevin
2025,60,"Aurum","Dice Tower West 2025",Kevin
2025,61,"Super kawaii pets","Dice Tower West 2025",Kevin
2025,62,"Booop","Dice Tower West 2025",Kevin
2025,63,"Crocodile pool party","Dice Tower West 2025",Kevin
2025,64,"Star Wars Deck Building","Dice Tower West 2025",Kevin
2025,65,"Oceanos","Dice Tower West 2025",Kevin
2025,66,"March madness","Dice Tower West 2025",Kevin
2025,67,"Your best life","Dice Tower West 2025",Kevin
2025,68,"Skate summer","Dice Tower West 2025",Kevin
2025,69,"Steam up","Dice Tower West 2025",Kevin
2025,70,"Four corner detective","Dice Tower West 2025",Kevin
2025,71,"Radlands","Dice Tower West 2025",Kevin
2023,1,"Monsters on Board","Dice Tower Cruise",Kevin
2023,2,"Trekking Through History","Dice Tower Cruise",Kevin
2023,3,"Creature Comforts","Dice Tower Cruise",Kevin
2023,4,"Splendor Duel","Dice Tower Cruise",Kevin
2023,5,"Wild: Serengeti","Dice Tower Cruise",Kevin
2023,6,"Shake That City","Dice Tower Cruise",Kevin
2023,7,"Akropolis","Dice Tower Cruise",Kevin
2023,8,"Caesar's Empire","Dice Tower Cruise",Kevin
2023,9,"Christmas Tree","Dice Tower Cruise",Kevin
2023,10,"Dog Park","Dice Tower Cruise",Kevin
2023,11,"Miyabi","Dice Tower Cruise",Kevin
2023,12,"Paleo","Dice Tower Cruise",Kevin
2023,13,"Bad Company","Dice Tower Cruise",Kevin
2023,14,"Scout","Dice Tower Cruise",Kevin
2023,15,"Tichu","Dice Tower Cruise",Kevin
2023,16,"First Empires","Dice Tower Cruise",Kevin
2023,17,"Picture Perfect","Dice Tower Cruise",Kevin
2023,18,"Kingdomino Duel","Dice Tower Cruise",Kevin
2023,19,"Gingerbread House","Dice Tower Cruise",Kevin
2023,20,"Azul Chocolate","Dice Tower Cruise",Kevin
2023,21,"Heat","Dice Tower Cruise",Kevin
2023,22,"Vegetable Stock","Dice Tower Cruise",Kevin
2023,23,"Joan of Arc","Dice Tower Cruise",Kevin
2023,24,"Aqualin","Dice Tower Cruise",Kevin
2023,25,"Floriferous","Dice Tower Cruise",Kevin
2023,26,"Fairy Tale Inn","Dice Tower Cruise",Kevin
2023,27,"Llama Dice","Dice Tower Cruise",Kevin
2023,28,"Decorum","Dice Tower Cruise",Kevin
2023,1,"Monsters on Board","Dice Tower Cruise",Tiffany
2023,2,"Wild: Serengeti","Dice Tower Cruise",Tiffany
2023,3,"Splendor Duel","Dice Tower Cruise",Tiffany
2023,4,"Paleo","Dice Tower Cruise",Tiffany
2023,5,"Dice Miner","Dice Tower Cruise",Tiffany
2023,6,"Picture Perfect","Dice Tower Cruise",Tiffany
2023,7,"Christmas Tree","Dice Tower Cruise",Tiffany
2023,8,"Floriferous","Dice Tower Cruise",Tiffany
2023,9,"Bad Company","Dice Tower Cruise",Tiffany
2023,10,"Scout","Dice Tower Cruise",Tiffany
2023,11,"Tichu","Dice Tower Cruise",Tiffany
2023,12,"Dog Park","Dice Tower Cruise",Tiffany
2023,13,"Akropolis","Dice Tower Cruise",Tiffany
2023,14,"Azul Chocolate","Dice Tower Cruise",Tiffany
2023,15,"Caesar's Empire","Dice Tower Cruise",Tiffany
2023,16,"Heat","Dice Tower Cruise",Tiffany
2023,17,"First Empires","Dice Tower Cruise",Tiffany
2023,18,"Gingerbread House","Dice Tower Cruise",Tiffany
2023,19,"Fairy Tale Inn","Dice Tower Cruise",Tiffany
2023,20,"Llama Dice","Dice Tower Cruise",Tiffany
2023,21,"Vegetable Stock","Dice Tower Cruise",Tiffany
2023,22,"Saint Petersburg","Dice Tower Cruise",Tiffany
2023,23,"Decorum","Dice Tower Cruise",Tiffany
2023,1,"Planet Unknown","Dice Tower West 2023",Kevin
2023,2,"Beer & Bread","Dice Tower West 2023",Kevin
2023,3,"Challengers","Dice Tower West 2023",Kevin
2023,4,"Comic Hunters","Dice Tower West 2023",Kevin
2023,5,"Namiji","Dice Tower West 2023",Kevin
2023,6,"First Rat","Dice Tower West 2023",Kevin
2023,7,"Mille Fiori","Dice Tower West 2023",Kevin
2023,8,"Foundations of Rome","Dice Tower West 2023",Kevin
2023,9,"Mountain Goats","Dice Tower West 2023",Kevin
2023,10,"Habitats","Dice Tower West 2023",Kevin
2023,11,"Cat Lady","Dice Tower West 2023",Kevin
2023,12,"Holly Jolly","Dice Tower West 2023",Kevin
2023,13,"The Crew: Mission Deep Sea","Dice Tower West 2023",Kevin
2023,14,"Lords of Vegas","Dice Tower West 2023",Kevin
2023,15,"Fast Sloths","Dice Tower West 2023",Kevin
2023,16,"Acquire","Dice Tower West 2023",Kevin
2023,17,"Reign of Dragoness","Dice Tower West 2023",Kevin
2023,18,"Town 66","Dice Tower West 2023",Kevin
2023,19,"Whirling Witchcraft","Dice Tower West 2023",Kevin
2023,20,"7 Wonders: Architects","Dice Tower West 2023",Kevin
2023,21,"Mandala","Dice Tower West 2023",Kevin
2023,22,"Port Royal","Dice Tower West 2023",Kevin
2023,23,"Spicy Dice","Dice Tower West 2023",Kevin
2023,24,"Ubongo 3D","Dice Tower West 2023",Kevin
2023,25,"Chai Tea for 2","Dice Tower West 2023",Kevin
2023,26,"Dealt!","Dice Tower West 2023",Kevin
2023,27,"Aeon's End","Dice Tower West 2023",Kevin
2023,28,"Odin's Ravens","Dice Tower West 2023",Kevin
2023,29,"Kites","Dice Tower West 2023",Kevin
2023,30,"Yak","Dice Tower West 2023",Kevin
2023,31,"Burgle Bros","Dice Tower West 2023",Kevin
2023,32,"Fistful of Penguins","Dice Tower West 2023",Kevin
2023,33,"Flip City","Dice Tower West 2023",Kevin
2023,34,"Turing Machine","Dice Tower West 2023",Kevin
2023,35,"Flapjacks & Sasquatches","Dice Tower West 2023",Kevin
2023,36,"Ouch!","Dice Tower West 2023",Kevin
2023,37,"Berried Treasure","Dice Tower West 2023",Kevin
2023,38,"Dungeon Academy","Dice Tower West 2023",Kevin
2023,39,"Delicious","Dice Tower West 2023",Kevin
2023,40,"Palm Island","Dice Tower West 2023",Kevin
2023,41,"Walkie Talkie","Dice Tower West 2023",Kevin
2023,1,"Wandering Towers","BGG CON 2023",David
2023,2,"Camel Up Cards","BGG CON 2023",David
2023,3,"Beastie Bar","BGG CON 2023",David
2023,4,"Darwin","BGG CON 2023",David
2023,5,"Off Season","BGG CON 2023",David
2023,6,"Deep Dive","BGG CON 2023",David
2023,7,"Diced Veggies","BGG CON 2023",David
2023,8,"Mandala Stones","BGG CON 2023",David
2023,9,"Great Split","BGG CON 2023",David
2023,10,"Neaderthands","BGG CON 2023",David
2023,11,"Sea Salt Paper","BGG CON 2023",David
2023,12,"TTR Cards","BGG CON 2023",David
2023,13,"Smores","BGG CON 2023",David
2023,14,"Africa","BGG CON 2023",David
2023,15,"Swiss","BGG CON 2023",David
2023,16,"Nordic Countries","BGG CON 2023",David
2023,17,"Japan","BGG CON 2023",David
2023,18,"Dimsum","BGG CON 2023",David
2023,19,"Point City","BGG CON 2023",David
2023,20,"Caldera Park","BGG CON 2023",David
2023,21,"Italy","BGG CON 2023",David
2023,22,"Sky Team","BGG CON 2023",David
2023,23,"Bugs","BGG CON 2023",David
2023,24,"Vilanimino Bikes","BGG CON 2023",David
2023,25,"Landmarks","BGG CON 2023",David
2023,26,"Berlin","BGG CON 2023",David
2023,27,"Orleans","BGG CON 2023",David
2023,28,"Office","BGG CON 2023",David
2023,29,"Butterfly","BGG CON 2023",David
2023,30,"Martian","BGG CON 2023",David
2023,31,"Film","BGG CON 2023",David
2023,32,"Great Plains","BGG CON 2023",David
2023,33,"Football Dice","BGG CON 2023",David
2023,34,"Flourish","BGG CON 2023",David
2023,35,"Fit to Print","BGG CON 2023",David
2023,36,"Knarr","BGG CON 2023",David
2023,37,"Sunset","BGG CON 2023",David
2023,38,"Fruitoplay","BGG CON 2023",David
2023,39,"Zooka","BGG CON 2023",David
2023,40,"San Francisco","BGG CON 2023",David
2023,41,"Fjords","BGG CON 2023",David
2023,42,"Canopy","BGG CON 2023",David
2023,43,"Sunrise Lane","BGG CON 2023",David
2023,44,"Nations","BGG CON 2023",David
2023,45,"Chicken","BGG CON 2023",David
2023,46,"Bark Ave","BGG CON 2023",David
2023,47,"Land vs Sea","BGG CON 2023",David
2023,48,"Wormholes","BGG CON 2023",David
2023,49,"Suishi Draft","BGG CON 2023",David
2023,50,"Maui","BGG CON 2023",David
2023,51,"Xenon","BGG CON 2023",David
2023,52,"Marklin","BGG CON 2023",David
2023,53,"Tucans","BGG CON 2023",David
2023,54,"Heartland","BGG CON 2023",David
2023,55,"Paku","BGG CON 2023",David
2023,56,"Gang Dice","BGG CON 2023",David
2023,57,"Dragon","BGG CON 2023",David
2023,58,"Tulips","BGG CON 2023",David
2023,59,"Ohanami","BGG CON 2023",David
2023,60,"Silver & Gold","BGG CON 2023",David
2023,61,"Seesaw","BGG CON 2023",David
2023,62,"Ceasar","BGG CON 2023",David
2023,63,"Llamaland","BGG CON 2023",David
2023,64,"Food Fighters","BGG CON 2023",David
2023,65,"Mask Men","BGG CON 2023",David
2023,66,"Popcorn","BGG CON 2023",David
2023,67,"Next Station","BGG CON 2023",David
2023,68,"GAP","BGG CON 2023",David
2023,69,"Beacon","BGG CON 2023",David
2023,70,"Splito","BGG CON 2023",David
2023,71,"Perfect Wave","BGG CON 2023",David
2023,72,"Rahaa","BGG CON 2023",David
2023,73,"Quaks Kids","BGG CON 2023",David
2023,74,"Chomp","BGG CON 2023",David
2023,75,"Vaalbara","BGG CON 2023",David
2023,76,"GPS","BGG CON 2023",David
2023,77,"Port Royal","BGG CON 2023",David
2023,78,"Nimala","BGG CON 2023",David
2023,79,"Dogfight","BGG CON 2023",David
2023,80,"Sushi Dice","BGG CON 2023",David
2023,81,"Pictomino","BGG CON 2023",David
2023,82,"Villans","BGG CON 2023",David
2023,83,"The City","BGG CON 2023",David
2023,84,"Oberboss Duel","BGG CON 2023",David
2023,1,"Knarr","BGG CON 2023",Kevin
2023,2,"Point City","BGG CON 2023",Kevin
2023,3,"Office","BGG CON 2023",Kevin
2023,4,"Darwin","BGG CON 2023",Kevin
2023,5,"Fruitoplay","BGG CON 2023",Kevin
2023,6,"Wandering Towers","BGG CON 2023",Kevin
2023,7,"Sky Team","BGG CON 2023",Kevin
2023,8,"Film","BGG CON 2023",Kevin
2023,9,"Caldera Park","BGG CON 2023",Kevin
2023,10,"Nimala","BGG CON 2023",Kevin
2023,11,"Flourish","BGG CON 2023",Kevin
2023,12,"Dragon","BGG CON 2023",Kevin
2023,13,"Ohanami","BGG CON 2023",Kevin
2023,14,"Off Season","BGG CON 2023",Kevin
2023,15,"Deep Dive","BGG CON 2023",Kevin
2023,16,"Butterfly","BGG CON 2023",Kevin
2023,17,"Berlin","BGG CON 2023",Kevin
2023,18,"TTR Cards","BGG CON 2023",Kevin
2023,19,"The City","BGG CON 2023",Kevin
2023,20,"Vilanimino Bikes","BGG CON 2023",Kevin
2023,21,"Japan","BGG CON 2023",Kevin
2023,22,"Tucans","BGG CON 2023",Kevin
2023,23,"Maui","BGG CON 2023",Kevin
2023,24,"Pictomino","BGG CON 2023",Kevin
2023,25,"Sea Salt Paper","BGG CON 2023",Kevin
2023,26,"Martian","BGG CON 2023",Kevin
2023,27,"Africa","BGG CON 2023",Kevin
2023,28,"GPS","BGG CON 2023",Kevin
2023,29,"Beacon","BGG CON 2023",Kevin
2023,30,"Great Split","BGG CON 2023",Kevin
2023,31,"Seesaw","BGG CON 2023",Kevin
2023,32,"Splito","BGG CON 2023",Kevin
2023,33,"Wormholes","BGG CON 2023",Kevin
2023,34,"Neaderthands","BGG CON 2023",Kevin
2023,35,"Tulips","BGG CON 2023",Kevin
2023,36,"Sunset","BGG CON 2023",Kevin
2023,37,"Italy","BGG CON 2023",Kevin
2023,38,"Land vs Sea","BGG CON 2023",Kevin
2023,39,"Diced Veggies","BGG CON 2023",Kevin
2023,40,"Villans","BGG CON 2023",Kevin
2023,41,"Port Royal","BGG CON 2023",Kevin
2023,42,"Chicken","BGG CON 2023",Kevin
2023,43,"Orleans","BGG CON 2023",Kevin
2023,44,"Silver & Gold","BGG CON 2023",Kevin
2023,45,"Llamaland","BGG CON 2023",Kevin
2023,46,"Sunrise Lane","BGG CON 2023",Kevin
2023,47,"Nordic Countries","BGG CON 2023",Kevin
2023,48,"Ceasar","BGG CON 2023",Kevin
2023,49,"Rahaa","BGG CON 2023",Kevin
2023,50,"San Francisco","BGG CON 2023",Kevin
2023,51,"Food Fighters","BGG CON 2023",Kevin
2023,52,"Camel Up Cards","BGG CON 2023",Kevin
2023,53,"Xenon","BGG CON 2023",Kevin
2023,54,"Gang Dice","BGG CON 2023",Kevin
2023,55,"Vaalbara","BGG CON 2023",Kevin
2023,56,"Paku","BGG CON 2023",Kevin
2023,57,"Zooka","BGG CON 2023",Kevin
2023,58,"Marklin","BGG CON 2023",Kevin
2023,59,"Canopy","BGG CON 2023",Kevin
2023,60,"Mandala Stones","BGG CON 2023",Kevin
2023,61,"Nations","BGG CON 2023",Kevin
2023,62,"Bugs","BGG CON 2023",Kevin
2023,63,"Swiss","BGG CON 2023",Kevin
2023,64,"Mask Men","BGG CON 2023",Kevin
2023,65,"Heartland","BGG CON 2023",Kevin
2023,66,"Fit to Print","BGG CON 2023",Kevin
2023,67,"Great Plains","BGG CON 2023",Kevin
2023,68,"Popcorn","BGG CON 2023",Kevin
2023,69,"Dimsum","BGG CON 2023",Kevin
2023,70,"Dogfight","BGG CON 2023",Kevin
2023,71,"Bark Ave","BGG CON 2023",Kevin
2023,72,"Next Station","BGG CON 2023",Kevin
2023,73,"Quaks Kids","BGG CON 2023",Kevin
2023,74,"Smores","BGG CON 2023",Kevin
2023,75,"Landmarks","BGG CON 2023",Kevin
2023,76,"Fjords","BGG CON 2023",Kevin
2023,77,"Football Dice","BGG CON 2023",Kevin
2023,78,"Suishi Draft","BGG CON 2023",Kevin
2023,79,"Perfect Wave","BGG CON 2023",Kevin
2023,80,"Sushi Dice","BGG CON 2023",Kevin
2023,81,"Chomp","BGG CON 2023",Kevin
2023,82,"GAP","BGG CON 2023",Kevin
2023,83,"Beastie Bar","BGG CON 2023",Kevin
2023,84,"Oberboss Duel","BGG CON 2023",Kevin
2024,1,"River Valley Glassworks","Dice Tower 2024",Kevin
2024,2,"Faraway","Dice Tower 2024",Kevin
2024,3,"Wild Tiled West","Dice Tower 2024",Kevin
2024,4,"Forever Home","Dice Tower 2024",Kevin
2024,5,"Castle Party","Dice Tower 2024",Kevin
2024,6,"Paladins of the West Kingdom","Dice Tower 2024",Kevin
2024,7,"The Fox Experiment","Dice Tower 2024",Kevin
2024,8,"Dragonkeepers","Dice Tower 2024",Kevin
2024,9,"Sobek: 2 Players","Dice Tower 2024",Kevin
2024,10,"Raiders of the North Sea","Dice Tower 2024",Kevin
2024,11,"Maple Valley","Dice Tower 2024",Kevin
2024,12,"Through the Desert","Dice Tower 2024",Kevin
2024,13,"What's On The Menu?","Dice Tower 2024",Kevin
2024,14,"Architects of the West Kingdom","Dice Tower 2024",Kevin
2024,15,"Mint Works","Dice Tower 2024",Kevin
2024,16,"Trio","Dice Tower 2024",Kevin
2024,17,"5 Towers","Dice Tower 2024",Kevin
2024,18,"Baseball Highlights: 2045","Dice Tower 2024",Kevin
2024,19,"Toil & Troublez","Dice Tower 2024",Kevin
2024,20,"Patterns","Dice Tower 2024",Kevin
2024,21,"Furnace","Dice Tower 2024",Kevin
2024,22,"Bites","Dice Tower 2024",Kevin
2024,23,"Alhambra: Roll & Write","Dice Tower 2024",Kevin
2024,24,"Marrakech","Dice Tower 2024",Kevin
2024,25,"Romi Rami","Dice Tower 2024",Kevin
2024,26,"Sequoia","Dice Tower 2024",Kevin
2024,27,"Bonsai","Dice Tower 2024",Kevin
2024,28,"Archaeology: The Card Game","Dice Tower 2024",Kevin
2024,29,"boop.","Dice Tower 2024",Kevin
2024,30,"Couture","Dice Tower 2024",Kevin
2024,31,"Dale of Merchants","Dice Tower 2024",Kevin
2024,32,"Viscounts of the West Kingdom","Dice Tower 2024",Kevin
2024,33,"KLASK","Dice Tower 2024",Kevin
2024,34,"Hooky","Dice Tower 2024",Kevin
2024,35,"Alhambra: The Dice Game","Dice Tower 2024",Kevin
2024,36,"Leaf","Dice Tower 2024",Kevin
2024,37,"It's a Wonderful Kingdom","Dice Tower 2024",Kevin
2024,38,"MLEM: Space Agency","Dice Tower 2024",Kevin
2024,39,"Tumblin' Dice","Dice Tower 2024",Kevin
2024,40,"World Wonders","Dice Tower 2024",Kevin
2024,41,"Ra: The Dice Game","Dice Tower 2024",Kevin
2024,42,"Cosmoctopus","Dice Tower 2024",Kevin
2024,43,"Trailblazer: The John Muir Trail","Dice Tower 2024",Kevin
2024,44,"Football Highlights 2052","Dice Tower 2024",Kevin
2024,45,"Winter","Dice Tower 2024",Kevin
2024,46,"Fancy Feathers","Dice Tower 2024",Kevin
2024,47,"Coconuts","Dice Tower 2024",Kevin
2024,48,"Kabuto Sumo","Dice Tower 2024",Kevin
2024,49,"Nations: The Dice Game","Dice Tower 2024",Kevin
2024,50,"Savernake Forest","Dice Tower 2024",Kevin
2024,51,"Another Man's Treasure","Dice Tower 2024",Kevin
2024,52,"Ctrl","Dice Tower 2024",Kevin
2024,53,"SHŌBU","Dice Tower 2024",Kevin
2024,1,"Ra: The Dice Game","Dice Tower West 2024",David
2024,2,"Toil & Troublez","Dice Tower West 2024",David
2024,3,"River Valley Glassworks","Dice Tower West 2024",David
2024,4,"Alhambra: The Dice Game","Dice Tower West 2024",David
2024,5,"What's On The Menu?","Dice Tower West 2024",David
2024,6,"Alhambra: Roll & Write","Dice Tower West 2024",David
2024,7,"Architects of the West Kingdom","Dice Tower West 2024",David
2024,8,"Raiders of the North Sea","Dice Tower West 2024",David
2024,9,"Bites","Dice Tower West 2024",David
2024,10,"Couture","Dice Tower West 2024",David
2024,11,"Hooky","Dice Tower West 2024",David
2024,12,"World Wonders","Dice Tower West 2024",David
2024,13,"Viscounts of the West Kingdom","Dice Tower West 2024",David
2024,14,"Dragonkeepers","Dice Tower West 2024",David
2024,15,"Baseball Highlights: 2045","Dice Tower West 2024",David
2024,16,"The Fox Experiment","Dice Tower West 2024",David
2024,17,"Trio","Dice Tower West 2024",David
2024,18,"Marrakech","Dice Tower West 2024",David
2024,19,"It's a Wonderful Kingdom","Dice Tower West 2024",David
2024,20,"Sobek: 2 Players","Dice Tower West 2024",David
2024,21,"Tumblin' Dice","Dice Tower West 2024",David
2024,22,"Patterns","Dice Tower West 2024",David
2024,23,"Bonsai","Dice Tower West 2024",David
2024,24,"Furnace","Dice Tower West 2024",David
2024,25,"KLASK","Dice Tower West 2024",David
2024,26,"Forever Home","Dice Tower West 2024",David
2024,27,"Paladins of the West Kingdom","Dice Tower West 2024",David
2024,28,"Romi Rami","Dice Tower West 2024",David
2024,29,"MLEM: Space Agency","Dice Tower West 2024",David
2024,30,"5 Towers","Dice Tower West 2024",David
2024,31,"Tutankhamun","Dice Tower West 2024",David
2024,32,"Wild Tiled West","Dice Tower West 2024",David
2024,33,"Castle Party","Dice Tower West 2024",David
2024,34,"Through the Desert","Dice Tower West 2024",David
2024,35,"Pick & Pack","Dice Tower West 2024",David
2024,36,"Coconuts","Dice Tower West 2024",David
2024,37,"Kabuto Sumo","Dice Tower West 2024",David
2024,38,"Maple Valley","Dice Tower West 2024",David
2024,39,"Football Highlights 2052","Dice Tower West 2024",David
2024,40,"Another Man's Treasure","Dice Tower West 2024",David
2024,41,"Mint Works","Dice Tower West 2024",David
2024,42,"Mint Delivery","Dice Tower West 2024",David
2024,43,"Fancy Feathers","Dice Tower West 2024",David
2024,44,"boop.","Dice Tower West 2024",David
2024,45,"Winter","Dice Tower West 2024",David
2024,46,"Archaeology: The Card Game","Dice Tower West 2024",David
2024,47,"Cosmoctopus","Dice Tower West 2024",David
2024,48,"Leaf","Dice Tower West 2024",David
2024,49,"Trailblazer: The John Muir Trail","Dice Tower West 2024",David
2024,50,"Dale of Merchants","Dice Tower West 2024",David
2024,51,"Faraway","Dice Tower West 2024",David
2024,52,"Ctrl","Dice Tower West 2024",David
2024,53,"Savernake Forest","Dice Tower West 2024",David
2024,54,"SHŌBU","Dice Tower West 2024",David